# This file was produced by the NASA Exoplanet Archive  http://exoplanetarchive.ipac.caltech.edu,,,,,,,,,,,,,,,,,,,,,,,,,,,,,,,,,,,
# Mon Aug  7 13:50:02 2023,,,,,,,,,,,,,,,,,,,,,,,,,,,,,,,,,,,
#,,,,,,,,,,,,,,,,,,,,,,,,,,,,,,,,,,,
# User preference: *,,,,,,,,,,,,,,,,,,,,,,,,,,,,,,,,,,,
#,,,,,,,,,,,,,,,,,,,,,,,,,,,,,,,,,,,
# CONSTRAINT:  where (default_flag = 1,,,,,,,,,,,,,,,,,,,,,,,,,,,,,,,,,,,
# CONSTRAINT:  and disc_facility like '%TESS%',,,,,,,,,,,,,,,,,,,,,,,,,,,,,,,,,,,
# CONSTRAINT:  and pl_orbsmaxstr not null,,,,,,,,,,,,,,,,,,,,,,,,,,,,,,,,,,,
# CONSTRAINT:  and pl_radestr not null,,,,,,,,,,,,,,,,,,,,,,,,,,,,,,,,,,,
# CONSTRAINT:  and pl_massestr not null),,,,,,,,,,,,,,,,,,,,,,,,,,,,,,,,,,,
#,,,,,,,,,,,,,,,,,,,,,,,,,,,,,,,,,,,
# COLUMN pl_name:        Planet Name,,,,,,,,,,,,,,,,,,,,,,,,,,,,,,,,,,,
# COLUMN default_flag:   Default Parameter Set,,,,,,,,,,,,,,,,,,,,,,,,,,,,,,,,,,,
# COLUMN disc_facility:  Discovery Facility,,,,,,,,,,,,,,,,,,,,,,,,,,,,,,,,,,,
# COLUMN pl_refname:     Planetary Parameter Reference,,,,,,,,,,,,,,,,,,,,,,,,,,,,,,,,,,,
# COLUMN pl_orbper:      Orbital Period [days],,,,,,,,,,,,,,,,,,,,,,,,,,,,,,,,,,,
# COLUMN pl_orbpererr1:  Orbital Period Upper Unc. [days],,,,,,,,,,,,,,,,,,,,,,,,,,,,,,,,,,,
# COLUMN pl_orbpererr2:  Orbital Period Lower Unc. [days],,,,,,,,,,,,,,,,,,,,,,,,,,,,,,,,,,,
# COLUMN pl_orbperlim:   Orbital Period Limit Flag,,,,,,,,,,,,,,,,,,,,,,,,,,,,,,,,,,,
# COLUMN pl_orbsmax:     Orbit Semi-Major Axis [au]),,,,,,,,,,,,,,,,,,,,,,,,,,,,,,,,,,,
# COLUMN pl_orbsmaxerr1: Orbit Semi-Major Axis Upper Unc. [au],,,,,,,,,,,,,,,,,,,,,,,,,,,,,,,,,,,
# COLUMN pl_orbsmaxerr2: Orbit Semi-Major Axis Lower Unc. [au],,,,,,,,,,,,,,,,,,,,,,,,,,,,,,,,,,,
# COLUMN pl_orbsmaxlim:  Orbit Semi-Major Axis Limit Flag,,,,,,,,,,,,,,,,,,,,,,,,,,,,,,,,,,,
# COLUMN pl_rade:        Planet Radius [Earth Radius],,,,,,,,,,,,,,,,,,,,,,,,,,,,,,,,,,,
# COLUMN pl_radeerr1:    Planet Radius Upper Unc. [Earth Radius],,,,,,,,,,,,,,,,,,,,,,,,,,,,,,,,,,,
# COLUMN pl_radeerr2:    Planet Radius Lower Unc. [Earth Radius],,,,,,,,,,,,,,,,,,,,,,,,,,,,,,,,,,,
# COLUMN pl_radelim:     Planet Radius Limit Flag,,,,,,,,,,,,,,,,,,,,,,,,,,,,,,,,,,,
# COLUMN pl_masse:       Planet Mass [Earth Mass],,,,,,,,,,,,,,,,,,,,,,,,,,,,,,,,,,,
# COLUMN pl_masseerr1:   Planet Mass [Earth Mass] Upper Unc.,,,,,,,,,,,,,,,,,,,,,,,,,,,,,,,,,,,
# COLUMN pl_masseerr2:   Planet Mass [Earth Mass] Lower Unc.,,,,,,,,,,,,,,,,,,,,,,,,,,,,,,,,,,,
# COLUMN pl_masselim:    Planet Mass [Earth Mass] Limit Flag,,,,,,,,,,,,,,,,,,,,,,,,,,,,,,,,,,,
# COLUMN pl_orbeccen:    Eccentricity,,,,,,,,,,,,,,,,,,,,,,,,,,,,,,,,,,,
# COLUMN pl_orbeccenerr1: Eccentricity Upper Unc.,,,,,,,,,,,,,,,,,,,,,,,,,,,,,,,,,,,
# COLUMN pl_orbeccenerr2: Eccentricity Lower Unc.,,,,,,,,,,,,,,,,,,,,,,,,,,,,,,,,,,,
# COLUMN pl_orbeccenlim: Eccentricity Limit Flag,,,,,,,,,,,,,,,,,,,,,,,,,,,,,,,,,,,
# COLUMN ttv_flag:       Data show Transit Timing Variations,,,,,,,,,,,,,,,,,,,,,,,,,,,,,,,,,,,
# COLUMN st_rad:         Stellar Radius [Solar Radius],,,,,,,,,,,,,,,,,,,,,,,,,,,,,,,,,,,
# COLUMN st_raderr1:     Stellar Radius Upper Unc. [Solar Radius],,,,,,,,,,,,,,,,,,,,,,,,,,,,,,,,,,,
# COLUMN st_raderr2:     Stellar Radius Lower Unc. [Solar Radius],,,,,,,,,,,,,,,,,,,,,,,,,,,,,,,,,,,
# COLUMN st_radlim:      Stellar Radius Limit Flag,,,,,,,,,,,,,,,,,,,,,,,,,,,,,,,,,,,
# COLUMN st_mass:        Stellar Mass [Solar mass],,,,,,,,,,,,,,,,,,,,,,,,,,,,,,,,,,,
# COLUMN st_masserr1:    Stellar Mass Upper Unc. [Solar mass],,,,,,,,,,,,,,,,,,,,,,,,,,,,,,,,,,,
# COLUMN st_masserr2:    Stellar Mass Lower Unc. [Solar mass],,,,,,,,,,,,,,,,,,,,,,,,,,,,,,,,,,,
# COLUMN st_masslim:     Stellar Mass Limit Flag,,,,,,,,,,,,,,,,,,,,,,,,,,,,,,,,,,,
# COLUMN sy_dist:        Distance [pc],,,,,,,,,,,,,,,,,,,,,,,,,,,,,,,,,,,
# COLUMN sy_disterr1:    Distance [pc] Upper Unc,,,,,,,,,,,,,,,,,,,,,,,,,,,,,,,,,,,
# COLUMN sy_disterr2:    Distance [pc] Lower Unc,,,,,,,,,,,,,,,,,,,,,,,,,,,,,,,,,,,
#,,,,,,,,,,,,,,,,,,,,,,,,,,,,,,,,,,,
pl_name,default_flag,disc_facility,pl_refname,pl_orbper,pl_orbpererr1,pl_orbpererr2,pl_orbperlim,pl_orbsmax,pl_orbsmaxerr1,pl_orbsmaxerr2,pl_orbsmaxlim,pl_rade,pl_radeerr1,pl_radeerr2,pl_radelim,pl_masse,pl_masseerr1,pl_masseerr2,pl_masselim,pl_orbeccen,pl_orbeccenerr1,pl_orbeccenerr2,pl_orbeccenlim,ttv_flag,st_rad,st_raderr1,st_raderr2,st_radlim,st_mass,st_masserr1,st_masserr2,st_masslim,sy_dist,sy_disterr1,sy_disterr2
GJ 143 b,1,Transiting Exoplanet Survey Satellite (TESS),<a refstr=DRAGOMIR_ET_AL__2019 href=https://ui.adsabs.harvard.edu/abs/2019ApJ...875L...7D/abstract target=ref>Dragomir et al. 2019</a>,35.61253,0.0006,-0.00062,0,0.1915,0.0058,-0.0063,0,2.61,0.17,-0.16,0,22.7,2.2,-1.9,0,0.188,0.076,-0.078,0,0,0.69,0.03,-0.03,0,0.73,0.07,-0.07,0,16.32,0.0071,-0.0071
GJ 3090 b,1,Transiting Exoplanet Survey Satellite (TESS),<a refstr=ALMENARA_ET_AL__2022 href=https://ui.adsabs.harvard.edu/abs/2022arXiv220714121A/abstract target=ref>Almenara et al. 2022</a>,2.853136,0.000064,-0.000038,0,0.03165,0.00027,-0.00027,0,2.13,0.11,-0.11,0,3.34,0.72,-0.72,0,0.32,,,1,0,0.52,0.02,-0.02,0,0.52,0.01,-0.01,0,22.4751,0.02605,-0.02605
GJ 3473 b,1,Transiting Exoplanet Survey Satellite (TESS),<a refstr=KEMMER_ET_AL__2020 href=https://ui.adsabs.harvard.edu/abs/2020A&A...642A.236K/abstract target=ref>Kemmer et al. 2020</a>,1.1980035,0.0000018,-0.0000019,0,0.01589,0.00062,-0.00062,0,1.264,0.05,-0.049,0,1.86,0.3,-0.3,0,0,,,0,0,0.36,0.01,-0.01,0,0.36,0.02,-0.02,0,27.3644,0.0376,-0.0376
GJ 357 b,1,Transiting Exoplanet Survey Satellite (TESS),<a refstr=LUQUE_ET_AL__2019 href=https://ui.adsabs.harvard.edu/abs/2019A&A...628A..39L/abstract target=ref>Luque et al. 2019</a>,3.93072,0.00008,-0.00006,0,0.035,0.002,-0.002,0,1.217,0.084,-0.083,0,1.84,0.31,-0.31,0,,,,,0,0.34,0.01,-0.01,0,0.34,0.01,-0.01,0,9.44181,0.00511,-0.00511
GJ 367 b,1,Transiting Exoplanet Survey Satellite (TESS),<a refstr=LAM_ET_AL__2021 href=https://ui.adsabs.harvard.edu/abs/2021Sci...374.1271L/abstract target=ref>Lam et al. 2021</a>,0.321962,0.00001,-0.000012,0,0.0071,0.0002,-0.0002,0,0.718,0.054,-0.054,0,0.546,0.078,-0.078,0,0,,,0,0,0.46,0.01,-0.01,0,0.45,0.01,-0.01,0,9.41263,0.002835,-0.002835
GJ 3929 b,1,Transiting Exoplanet Survey Satellite (TESS),<a refstr=BEARD_ET_AL__2022 href=https://ui.adsabs.harvard.edu/abs/2022arXiv220710672B/abstract target=ref>Beard et al. 2022</a>,2.616235,0.000005,-0.000005,0,0.0252,0.0005,-0.0005,0,1.09,0.04,-0.04,0,1.75,0.44,-0.45,0,0,,,0,0,0.32,0.01,-0.01,0,0.31,0.03,-0.02,0,15.8095,0.0096,-0.0095
HD 110113 b,1,Transiting Exoplanet Survey Satellite (TESS),<a refstr=OSBORN_ET_AL__2021 href=https://ui.adsabs.harvard.edu/abs/2021MNRAS.502.4842O/abstract target=ref>Osborn et al. 2021</a>,2.541,0.0005,-0.001,0,0.035,0.001,-0.001,0,2.05,0.12,-0.12,0,4.55,0.62,-0.62,0,0.093,0.079,-0.064,0,0,0.97,0.02,-0.02,0,1,0.06,-0.06,0,106.307,0.724,-0.715
HD 1397 b,1,Transiting Exoplanet Survey Satellite (TESS),<a refstr=NIELSEN_ET_AL__2019 href=https://ui.adsabs.harvard.edu/abs/2019A&A...623A.100N/abstract target=ref>Nielsen et al. 2019</a>,11.53533,0.00079,-0.0008,0,0.1097,0.0011,-0.0013,0,11.5,0.28,-0.303,0,131.89945,6.3566,-6.3566,0,0.251,0.02,-0.019,0,0,2.34,0.05,-0.06,0,1.32,0.04,-0.05,0,79.5702,0.1738,-0.1731
HD 152843 b,1,Transiting Exoplanet Survey Satellite (TESS),<a refstr=EISNER_ET_AL__2021 href=https://ui.adsabs.harvard.edu/abs/2021MNRAS.tmp.1332E/abstract target=ref>Eisner et al. 2021</a>,11.6264,0.0022,-0.0025,0,0.1053,0.003,-0.0031,0,3.41,0.14,-0.12,0,11.56,6.58,-6.14,0,0.14,0.25,-0.1,0,0,1.43,0.02,-0.02,0,1.15,0.04,-0.04,0,107.898,0.318,-0.316
HD 15337 b,1,Transiting Exoplanet Survey Satellite (TESS),<a refstr=GANDOLFI_ET_AL__2019 href=https://ui.adsabs.harvard.edu/abs/2019ApJ...876L..24G/abstract target=ref>Gandolfi et al. 2019</a>,4.75615,0.00017,-0.00017,0,0.0522,0.0012,-0.0012,0,1.64,0.06,-0.06,0,7.51,1.09,-1.01,0,0.09,0.05,-0.05,0,0,0.86,0.02,-0.02,0,0.9,0.03,-0.03,0,44.8155,0.0707,-0.0704
HD 15337 c,1,Transiting Exoplanet Survey Satellite (TESS),<a refstr=GANDOLFI_ET_AL__2019 href=https://ui.adsabs.harvard.edu/abs/2019ApJ...876L..24G/abstract target=ref>Gandolfi et al. 2019</a>,17.1784,0.0016,-0.0016,0,0.1268,0.0038,-0.0038,0,2.39,0.12,-0.12,0,8.11,1.82,-1.69,0,0.05,0.06,-0.04,0,0,0.86,0.02,-0.02,0,0.9,0.03,-0.03,0,44.8155,0.0707,-0.0704
HD 183579 b,1,Transiting Exoplanet Survey Satellite (TESS),<a refstr=PALATNICK_ET_AL__2021 href=https://ui.adsabs.harvard.edu/abs/2021ApJ...909L...6P/abstract target=ref>Palatnick et al. 2021</a>,17.471278,0.000058,-0.00006,0,0.1334,0.0062,-0.0061,0,3.55,0.15,-0.12,0,19.7,4,-3.9,0,0.28,,,0,0,0.98,0.04,-0.03,0,1.03,0.03,-0.03,0,57.2651,0.1875,-0.1864
HD 18599 b,1,Transiting Exoplanet Survey Satellite (TESS),<a refstr=DESIDERA_ET_AL__2022 href=https://ui.adsabs.harvard.edu/abs/2022arXiv221007933D/abstract target=ref>Desidera et al. 2022</a>,4.1374354,0.0000036,-0.0000037,0,0.048,0.0004,-0.0004,0,2.6,0.15,-0.13,0,24.1,7.1,-7.7,0,0.34,0.07,-0.09,0,0,0.77,0.02,-0.02,0,0.86,0.02,-0.02,0,38.5653,0.0366,-0.0366
HD 191939 b,1,Transiting Exoplanet Survey Satellite (TESS),<a refstr=ORELL_MIQUEL_ET_AL__2022 href=https://ui.adsabs.harvard.edu/abs/2022arXiv221100667O/abstract target=ref>Orell-Miquel et al. 2022</a>,8.8803256,0.0000047,-0.0000047,0,0.0804,0.0025,-0.0023,0,3.41,0.075,-0.075,0,10,0.7,-0.7,0,0.031,0.01,-0.011,0,0,0.94,0.02,-0.02,0,0.81,0.04,-0.04,0,53.6089,0.0733,-0.0731
HD 191939 c,1,Transiting Exoplanet Survey Satellite (TESS),<a refstr=ORELL_MIQUEL_ET_AL__2022 href=https://ui.adsabs.harvard.edu/abs/2022arXiv221100667O/abstract target=ref>Orell-Miquel et al. 2022</a>,28.579743,0.000045,-0.000045,0,0.1752,0.0055,-0.005,0,3.195,0.075,-0.075,0,8,1,-1,0,0.034,0.034,-0.013,0,0,0.94,0.02,-0.02,0,0.81,0.04,-0.04,0,53.6089,0.0733,-0.0731
HD 191939 d,1,Transiting Exoplanet Survey Satellite (TESS),<a refstr=ORELL_MIQUEL_ET_AL__2022 href=https://ui.adsabs.harvard.edu/abs/2022arXiv221100667O/abstract target=ref>Orell-Miquel et al. 2022</a>,38.353037,0.00006,-0.00006,0,0.2132,0.0065,-0.0061,0,2.995,0.07,-0.07,0,2.8,0.6,-0.6,0,0.031,0.018,-0.012,0,0,0.94,0.02,-0.02,0,0.81,0.04,-0.04,0,53.6089,0.0733,-0.0731
HD 202772 A b,1,Transiting Exoplanet Survey Satellite (TESS),<a refstr=WANG_ET_AL__2019 href=https://ui.adsabs.harvard.edu/abs/2019AJ....157...51W/abstract target=ref>Wang et al. 2019</a>,3.308958,0.000083,-0.000083,0,0.05208,0.00064,-0.00068,0,17.318,0.583,-0.673,0,323.23311,22.2481,-21.61244,0,0.038,0.042,-0.027,0,0,2.59,0.08,-0.09,0,1.72,0.06,-0.07,0,161.498,2.459,-2.388
HD 20329 b,1,Transiting Exoplanet Survey Satellite (TESS),<a refstr=MURGAS_ET_AL__2022 href=https://ui.adsabs.harvard.edu/abs/2022arXiv221102547M/abstract target=ref>Murgas et al. 2022</a>,0.926118,0.00005,-0.000043,0,0.018,0.0003,-0.0003,0,1.72,0.07,-0.07,0,7.42,1.09,-1.09,0,0,,,0,0,1.13,0.02,-0.02,0,0.9,0.05,-0.05,0,63.6796,0.2863,-0.2838
HD 207496 b,1,Transiting Exoplanet Survey Satellite (TESS),<a refstr=BARROS_ET_AL__2023 href=https://ui.adsabs.harvard.edu/abs/2023A&A...673A...4B/abstract target=ref>Barros et al. 2023</a>,6.441008,0.000011,-0.000011,0,0.0629,0.0011,-0.0011,0,2.25,0.12,-0.1,0,6.1,1.6,-1.6,0,0.231,0.042,-0.049,0,0,0.77,0.03,-0.03,0,0.8,0.04,-0.04,0,23.606,0.0179,-0.0179
HD 207897 b,1,Transiting Exoplanet Survey Satellite (TESS),<a refstr=HEIDARI_ET_AL__2022 href=https://ui.adsabs.harvard.edu/abs/2022A&A...658A.176H/abstract target=ref>Heidari et al. 2022</a>,16.202159,0.000085,-0.000083,0,0.1163,0.0017,-0.0015,0,2.501,0.082,-0.078,0,14.4,1.6,-1.6,0,0.047,0.057,-0.033,0,0,0.78,0.02,-0.02,0,0.8,0.04,-0.03,0,28.2938,0.0312,-0.0312
HD 213885 b,1,Transiting Exoplanet Survey Satellite (TESS),<a refstr=ESPINOZA_ET_AL__2020 href=https://ui.adsabs.harvard.edu/abs/2020MNRAS.491.2982E/abstract target=ref>Espinoza et al. 2020</a>,1.008035,0.000021,-0.00002,0,0.02012,0.00015,-0.00012,0,1.745,0.051,-0.052,0,8.83,0.66,-0.65,0,0,,,0,0,1.1,0.01,-0.01,0,1.07,0.02,-0.02,0,48.0883,0.0991,-0.0987
HD 21749 c,1,Transiting Exoplanet Survey Satellite (TESS),<a refstr=DRAGOMIR_ET_AL__2019 href=https://ui.adsabs.harvard.edu/abs/2019ApJ...875L...7D/abstract target=ref>Dragomir et al. 2019</a>,7.78993,0.00051,-0.00044,0,0.0695,0.0021,-0.0023,0,0.892,0.064,-0.058,0,3.7,,,1,,,,,0,0.69,0.03,-0.03,0,0.73,0.07,-0.07,0,16.32,0.0071,-0.0071
HD 219666 b,1,Transiting Exoplanet Survey Satellite (TESS),<a refstr=ESPOSITO_ET_AL__2019 href=https://ui.adsabs.harvard.edu/abs/2019A&A...623A.165E/abstract target=ref>Esposito et al. 2019</a>,6.03607,0.00064,-0.00063,0,0.06356,0.00265,-0.00265,0,4.71,0.17,-0.17,0,16.6,1.3,-1.3,0,0,,,0,0,1.03,0.03,-0.03,0,0.92,0.03,-0.03,0,94.1719,0.2518,-0.2506
HD 221416 b,1,Transiting Exoplanet Survey Satellite (TESS),<a refstr=HUBER_ET_AL__2019 href=https://ui.adsabs.harvard.edu/abs/2019AJ....157..245H/abstract target=ref>Huber et al. 2019</a>,14.2767,0.0037,-0.0037,0,0.1228,0.0025,-0.0026,0,9.17,0.34,-0.31,0,60.5,5.7,-5.7,0,0.115,0.034,-0.03,0,0,2.94,0.06,-0.06,0,1.21,0.07,-0.07,0,95.5483,0.7364,-0.7254
HD 22946 d,1,Transiting Exoplanet Survey Satellite (TESS),<a refstr=GARAI_ET_AL__2023 href=https://ui.adsabs.harvard.edu/abs/2023A&A...674A..44G/abstract target=ref>Garai et al. 2023</a>,47.42489,0.0001,-0.00011,0,0.2958,0.0044,-0.0042,0,2.607,0.06,-0.06,0,26.57,,,1,,,,,0,1.12,0.01,-0.01,0,1.1,0.04,-0.04,0,62.7792,0.1161,-0.1156
HD 23472 b,1,Transiting Exoplanet Survey Satellite (TESS),<a refstr=BARROS_ET_AL__2022 href=https://ui.adsabs.harvard.edu/abs/2022arXiv220913345B/abstract target=ref>Barros et al. 2022</a>,17.667087,0.000042,-0.000042,0,0.1162,0.0018,-0.0018,0,2,0.11,-0.1,0,8.32,0.78,-0.79,0,0.072,0.039,-0.04,0,0,0.71,0.02,-0.02,0,0.67,0.03,-0.03,0,39.0341,0.0401,-0.04
HD 23472 c,1,Transiting Exoplanet Survey Satellite (TESS),<a refstr=BARROS_ET_AL__2022 href=https://ui.adsabs.harvard.edu/abs/2022arXiv220913345B/abstract target=ref>Barros et al. 2022</a>,29.79749,0.00013,-0.00014,0,0.1646,0.0024,-0.0024,0,1.87,0.12,-0.11,0,3.41,0.88,-0.81,0,0.063,0.054,-0.043,0,0,0.71,0.02,-0.02,0,0.67,0.03,-0.03,0,39.0341,0.0401,-0.04
HD 23472 d,1,Transiting Exoplanet Survey Satellite (TESS),<a refstr=BARROS_ET_AL__2022 href=https://ui.adsabs.harvard.edu/abs/2022arXiv220913345B/abstract target=ref>Barros et al. 2022</a>,3.97664,0.00003,-0.000044,0,0.04298,0.00063,-0.00065,0,0.75,0.067,-0.057,0,0.55,0.21,-0.2,0,0.07,0.05,-0.047,0,0,0.71,0.02,-0.02,0,0.67,0.03,-0.03,0,39.0341,0.0401,-0.04
HD 23472 e,1,Transiting Exoplanet Survey Satellite (TESS),<a refstr=BARROS_ET_AL__2022 href=https://ui.adsabs.harvard.edu/abs/2022arXiv220913345B/abstract target=ref>Barros et al. 2022</a>,7.90754,0.00011,-0.00011,0,0.068,0.001,-0.001,0,0.818,0.08,-0.065,0,0.72,0.28,-0.27,0,0.07,0.052,-0.047,0,0,0.71,0.02,-0.02,0,0.67,0.03,-0.03,0,39.0341,0.0401,-0.04
HD 23472 f,1,Transiting Exoplanet Survey Satellite (TESS),<a refstr=BARROS_ET_AL__2022 href=https://ui.adsabs.harvard.edu/abs/2022arXiv220913345B/abstract target=ref>Barros et al. 2022</a>,12.1621839,0.00012,-0.000099,0,0.0906,0.0014,-0.0014,0,1.137,0.084,-0.077,0,0.77,0.44,-0.4,0,0.07,0.048,-0.051,0,0,0.71,0.02,-0.02,0,0.67,0.03,-0.03,0,39.0341,0.0401,-0.04
HD 260655 b,1,Transiting Exoplanet Survey Satellite (TESS),<a refstr=LUQUE_ET_AL__2022 href=https://ui.adsabs.harvard.edu/abs/2022arXiv220410261L/abstract target=ref>Luque et al. 2022</a>,2.76953,0.00003,-0.00003,0,0.02933,0.00024,-0.00024,0,1.24,0.023,-0.023,0,2.14,0.34,-0.34,0,0.039,0.043,-0.023,0,0,0.44,0,0,0,0.44,0.01,-0.01,0,10.0055,0.00505,-0.00505
HD 260655 c,1,Transiting Exoplanet Survey Satellite (TESS),<a refstr=LUQUE_ET_AL__2022 href=https://ui.adsabs.harvard.edu/abs/2022arXiv220410261L/abstract target=ref>Luque et al. 2022</a>,5.70588,0.00007,-0.00007,0,0.04749,0.00039,-0.00039,0,1.533,0.051,-0.046,0,3.09,0.48,-0.48,0,0.038,0.036,-0.022,0,0,0.44,0,0,0,0.44,0.01,-0.01,0,10.0055,0.00505,-0.00505
HD 2685 b,1,Transiting Exoplanet Survey Satellite (TESS),<a refstr=JONES_ET_AL__2019 href=https://ui.adsabs.harvard.edu/abs/2019A&A...625A..16J/abstract target=ref>Jones et al. 2019</a>,4.12688,0.00005,-0.00004,0,0.0568,0.0006,-0.0006,0,16.141,0.56,-0.56,0,371.8611,38.1396,-38.1396,0,0.091,0.039,-0.047,0,0,1.56,0.05,-0.05,0,1.43,0.05,-0.04,0,196.852,0.777,-0.771
HD 28109 b,1,Transiting Exoplanet Survey Satellite (TESS),<a refstr=DRANSFIELD_ET_AL__2022 href=https://ui.adsabs.harvard.edu/abs/2022MNRAS.tmp.1364D/abstract target=ref>Dransfield et al. 2022</a>,22.89104,0.00035,-0.00036,0,0.1357,0.0034,-0.0034,0,2.199,0.098,-0.1,0,18.496,9.12,-7.609,0,0.3307,,,1,0,1.45,0.04,-0.04,0,1.26,0.08,-0.08,0,139.611,0.429,-0.427
HD 28109 c,1,Transiting Exoplanet Survey Satellite (TESS),<a refstr=DRANSFIELD_ET_AL__2022 href=https://ui.adsabs.harvard.edu/abs/2022MNRAS.tmp.1364D/abstract target=ref>Dransfield et al. 2022</a>,56.00819,0.00194,-0.00202,0,0.308,0.011,-0.011,0,4.23,0.11,-0.11,0,7.943,4.227,-3.046,0,0.1203,,,1,1,1.45,0.04,-0.04,0,1.26,0.08,-0.08,0,139.611,0.429,-0.427
HD 28109 d,1,Transiting Exoplanet Survey Satellite (TESS),<a refstr=DRANSFIELD_ET_AL__2022 href=https://ui.adsabs.harvard.edu/abs/2022MNRAS.tmp.1364D/abstract target=ref>Dransfield et al. 2022</a>,84.25999,0.00744,-0.00662,0,0.411,0.016,-0.016,0,3.25,0.11,-0.11,0,5.681,2.738,-2.11,0,0.0864,,,1,1,1.45,0.04,-0.04,0,1.26,0.08,-0.08,0,139.611,0.429,-0.427
HD 332231 b,1,Transiting Exoplanet Survey Satellite (TESS),<a refstr=DALBA_ET_AL__2020 href=https://ui.adsabs.harvard.edu/abs/2020AJ....159..241D/abstract target=ref>Dalba et al. 2020</a>,18.71204,0.00043,-0.00043,0,0.1436,0.0032,-0.0033,0,9.718,0.303,-0.28,0,77.55052,6.67443,-6.67443,0,0.032,0.03,-0.022,0,0,1.28,0.04,-0.04,0,1.13,0.08,-0.08,0,80.6665,0.1917,-0.1908
HD 5278 b,1,Transiting Exoplanet Survey Satellite (TESS),<a refstr=SOZZETTI_ET_AL__2021 href=https://ui.adsabs.harvard.edu/abs/2021A&A...648A..75S/abstract target=ref>Sozzetti et al. 2021</a>,14.339156,0.000049,-0.000047,0,0.1202,0.0013,-0.0013,0,2.45,0.05,-0.05,0,7.8,1.5,-1.4,0,0.08,0.09,-0.05,0,0,1.19,0.02,-0.02,0,1.13,0.04,-0.04,0,57.5846,0.0947,-0.0943
HD 73583 b,1,Transiting Exoplanet Survey Satellite (TESS),<a refstr=BARRAG_AACUTE_N_ET_AL__2021 href=https://ui.adsabs.harvard.edu/abs/2021arXiv211013069B/abstract target=ref>Barrag&aacute;n et al. 2021</a>,6.398042,0.0000067,-0.0000062,0,0.0604,0.0027,-0.0026,0,2.79,0.1,-0.1,0,10.2,3.4,-3.1,0,0.09,0.09,-0.06,0,0,0.65,0.02,-0.02,0,0.73,0.02,-0.02,0,31.5666,0.0321,-0.032
HD 73583 c,1,Transiting Exoplanet Survey Satellite (TESS),<a refstr=BARRAG_AACUTE_N_ET_AL__2021 href=https://ui.adsabs.harvard.edu/abs/2021arXiv211013069B/abstract target=ref>Barrag&aacute;n et al. 2021</a>,18.87974,0.00086,-0.00074,0,0.1242,0.0055,-0.0054,0,2.39,0.1,-0.09,0,9.7,1.8,-1.7,0,0.08,0.11,-0.06,0,0,0.65,0.02,-0.02,0,0.73,0.02,-0.02,0,31.5666,0.0321,-0.032
HD 86226 c,1,Transiting Exoplanet Survey Satellite (TESS),<a refstr=TESKE_ET_AL__2020 href=https://ui.adsabs.harvard.edu/abs/2020AJ....160...96T/abstract target=ref>Teske et al. 2020</a>,3.98442,0.00018,-0.00018,0,0.049,0.001,-0.001,0,2.16,0.08,-0.08,0,7.25,1.19,-1.12,0,0.075,0.065,-0.048,0,0,1.05,0.03,-0.03,0,1.02,0.06,-0.07,0,45.683,0.1053,-0.1048
HD 93963 A b,1,Transiting Exoplanet Survey Satellite (TESS),<a refstr=SERRANO_ET_AL__2022 href=https://ui.adsabs.harvard.edu/abs/2022arXiv220713920S/abstract target=ref>Serrano et al. 2022</a>,1.0391353,0.0000049,-0.0000049,0,0.02085,0.00037,-0.00037,0,1.35,0.042,-0.042,0,7.8,3.2,-3.2,0,,,,,0,1.04,0.01,-0.01,0,1.11,0.04,-0.04,0,82.3432,0.3932,-0.3896
HD 93963 A c,1,Transiting Exoplanet Survey Satellite (TESS),<a refstr=SERRANO_ET_AL__2022 href=https://ui.adsabs.harvard.edu/abs/2022arXiv220713920S/abstract target=ref>Serrano et al. 2022</a>,3.6451398,0.0000106,-0.0000142,0,0.04813,0.00085,-0.00085,0,3.228,0.059,-0.059,0,19.2,4.1,-4.1,0,,,,,0,1.04,0.01,-0.01,0,1.11,0.04,-0.04,0,82.3432,0.3932,-0.3896
HIP 65 A b,1,Transiting Exoplanet Survey Satellite (TESS),<a refstr=NIELSEN_ET_AL__2020 href=https://ui.adsabs.harvard.edu/abs/2020A&A...639A..76N/abstract target=ref>Nielsen et al. 2020</a>,0.9809734,0.0000031,-0.0000031,0,0.01782,0.0002,-0.00021,0,22.754,6.837,-5.492,0,1021.18779,24.79074,-24.79074,0,0,,,0,0,0.72,0.01,-0.01,0,0.78,0.03,-0.03,0,61.7856,0.0806,-0.0804
HIP 94235 b,1,Transiting Exoplanet Survey Satellite (TESS),<a refstr=ZHOU_ET_AL__2022 href=https://ui.adsabs.harvard.edu/abs/2022arXiv220411975Z/abstract target=ref>Zhou et al. 2022</a>,7.713057,0.000021,-0.000021,0,0.0787,0.00056,-0.00017,0,3,0.32,-0.28,0,379,,,1,0.32,0.2,-0.2,0,0,1.08,0.11,-0.1,0,1.09,0.02,-0.01,0,58.5146,0.1263,-0.1258
HIP 9618 b,1,Transiting Exoplanet Survey Satellite (TESS),<a refstr=OSBORN_ET_AL__2023 href=https://ui.adsabs.harvard.edu/abs/2023MNRAS.523.3069O/abstract target=ref>Osborn et al. 2023</a>,20.772907,0.000023,-0.000023,0,0.1438,0.0025,-0.0037,0,3.9,0.044,-0.044,0,10,3.1,-3.1,0,0.22,0.25,-0.15,0,0,0.97,0.01,-0.01,0,1.02,0.04,-0.08,0,67.5478,0.1566,-0.1559
HIP 9618 c,1,Transiting Exoplanet Survey Satellite (TESS),<a refstr=OSBORN_ET_AL__2023 href=https://ui.adsabs.harvard.edu/abs/2023MNRAS.523.3069O/abstract target=ref>Osborn et al. 2023</a>,52.563491,0.000072,-0.000072,0,0.2669,0.0046,-0.0069,0,3.343,0.039,-0.039,0,18.3,1.7,-1.7,1,0.23,0.25,-0.16,0,0,0.97,0.01,-0.01,0,1.02,0.04,-0.08,0,67.5478,0.1566,-0.1559
HIP 97166 b,1,Transiting Exoplanet Survey Satellite (TESS),<a refstr=MACDOUGALL_ET_AL__2021 href=https://ui.adsabs.harvard.edu/abs/2021AJ....162..265M/abstract target=ref>MacDougall et al. 2021</a>,10.28891,0.00004,-0.00004,0,0.089,0.001,-0.001,0,2.74,0.13,-0.13,0,20,1.5,-1.5,0,0.16,0.03,-0.03,0,0,0.84,0.04,-0.04,0,0.9,0.05,-0.05,0,65.9501,0.1014,-0.1012
L 168-9 b,1,Transiting Exoplanet Survey Satellite (TESS),<a refstr=ASTUDILLO_DEFRU_ET_AL__2020 href=https://ui.adsabs.harvard.edu/abs/2020A&A...636A..58A/abstract target=ref>Astudillo-Defru et al. 2020</a>,1.4015,0.00018,-0.00018,0,0.02091,0.00024,-0.00024,0,1.39,0.09,-0.09,0,4.6,0.56,-0.56,0,0.21,,,1,0,0.6,0.02,-0.02,0,0.62,0.03,-0.03,0,25.1496,0.0239,-0.0239
L 98-59 b,1,Transiting Exoplanet Survey Satellite (TESS),<a refstr=DEMANGEON_ET_AL__2021 href=https://ui.adsabs.harvard.edu/abs/2021A&A...653A..41D/abstract target=ref>Demangeon et al. 2021</a>,2.2531136,0.0000012,-0.0000015,0,0.02191,0.0008,-0.00084,0,0.85,0.061,-0.047,0,0.4,0.16,-0.15,0,0.103,0.117,-0.045,0,0,0.3,0.03,-0.02,0,0.27,0.03,-0.03,0,10.6194,0.0032,-0.0032
LHS 1478 b,1,Transiting Exoplanet Survey Satellite (TESS),<a refstr=SOTO_ET_AL__2021 href=https://ui.adsabs.harvard.edu/abs/2021A&A...649A.144S/abstract target=ref>Soto et al. 2021</a>,1.9495378,0.000004,-0.0000041,0,0.01848,0.00061,-0.00063,0,1.242,0.051,-0.049,0,2.33,0.2,-0.2,0,,,,,0,0.25,0.01,-0.01,0,0.24,0.01,-0.01,0,18.2276,0.011,-0.011
LHS 1678 b,1,Transiting Exoplanet Survey Satellite (TESS),<a refstr=SILVERSTEIN_ET_AL__2022 href=https://ui.adsabs.harvard.edu/abs/2022AJ....163..151S/abstract target=ref>Silverstein et al. 2022</a>,0.8602322,0.0000068,-0.0000068,0,0.01251,0.00059,-0.00056,0,0.696,0.044,-0.044,0,0.35,,,1,0.25,,,1,0,0.33,0.01,-0.01,0,0.34,0.01,-0.01,0,19.8782,0.0094,-0.0094
LHS 1678 c,1,Transiting Exoplanet Survey Satellite (TESS),<a refstr=SILVERSTEIN_ET_AL__2022 href=https://ui.adsabs.harvard.edu/abs/2022AJ....163..151S/abstract target=ref>Silverstein et al. 2022</a>,3.694247,0.0000024,-0.0000021,0,0.0331,0.0016,-0.0015,0,0.982,0.064,-0.063,0,1.4,,,1,0.22,,,1,0,0.33,0.01,-0.01,0,0.34,0.01,-0.01,0,19.8782,0.0094,-0.0094
LP 714-47 b,1,Transiting Exoplanet Survey Satellite (TESS),<a refstr=DREIZLER_ET_AL__2020 href=https://ui.adsabs.harvard.edu/abs/2020A&A...644A.127D/abstract target=ref>Dreizler et al. 2020</a>,4.052037,0.000004,-0.000004,0,0.0417,0.0005,-0.0005,0,4.7,0.3,-0.3,0,30.8,1.5,-1.5,0,0.04,0.02,-0.02,0,0,0.58,0.02,-0.02,0,0.59,0.02,-0.02,0,52.616,0.11525,-0.11525
LP 791-18 c,1,Transiting Exoplanet Survey Satellite (TESS),<a refstr=PETERSON_ET_AL__2023 href=https://www.nature.com/articles/s41586-023-05934-8 target=ref>Peterson et al. 2023</a>,4.9899093,0.0000074,-0.0000072,0,0.02961,0.00035,-0.00036,0,2.438,0.096,-0.096,0,7.1,0.7,-0.7,0,0.00008,0.00004,-0.00004,0,0,0.18,0.01,-0.01,0,0.14,0.01,-0.01,0,26.4927,0.064,-0.0638
LP 890-9 b,1,Transiting Exoplanet Survey Satellite (TESS),<a refstr=DELREZ_ET_AL__2022 href=https://ui.adsabs.harvard.edu/abs/2022arXiv220902831D/abstract target=ref>Delrez et al. 2022</a>,2.7299025,0.0000034,-0.000004,0,0.01875,0.0001,-0.0001,0,1.32,0.053,-0.027,0,13.2,,,1,,,,,0,0.16,0.01,-0.01,0,0.12,0,0,0,32.4298,0.0702,-0.0699
LTT 1445 A b,1,Transiting Exoplanet Survey Satellite (TESS),<a refstr=WINTERS_ET_AL__2021 href=https://ui.adsabs.harvard.edu/abs/2021arXiv210714737W/abstract target=ref>Winters et al. 2021</a>,5.3587657,0.0000043,-0.0000042,0,0.03813,0.00068,-0.0007,0,1.305,0.066,-0.061,0,2.87,0.26,-0.25,0,0.11,,,1,0,0.27,0.01,-0.01,0,0.26,0.01,-0.01,0,6.86929,0.003805,-0.003805
LTT 1445 A c,1,Transiting Exoplanet Survey Satellite (TESS),<a refstr=WINTERS_ET_AL__2021 href=https://ui.adsabs.harvard.edu/abs/2021arXiv210714737W/abstract target=ref>Winters et al. 2021</a>,3.1239035,0.0000034,-0.0000036,0,0.02661,0.00047,-0.00049,0,1.147,0.055,-0.054,0,1.54,0.2,-0.19,0,0.223,,,1,0,0.27,0.01,-0.01,0,0.26,0.01,-0.01,0,6.86929,0.003805,-0.003805
LTT 9779 b,1,Transiting Exoplanet Survey Satellite (TESS),<a refstr=JENKINS_ET_AL__2020 href=https://ui.adsabs.harvard.edu/abs/2020NatAs.tmp..180J/abstract target=ref>Jenkins et al. 2020</a>,0.792052,0.0000093,-0.0000093,0,0.01679,0.00014,-0.00012,0,4.72,0.23,-0.23,0,29.32,0.78,-0.81,0,0,,,0,0,0.95,0.01,-0.01,0,0.77,0.29,-0.21,0,80.4373,0.3174,-0.315
NGTS-11 b,1,Transiting Exoplanet Survey Satellite (TESS),<a refstr=GILL_ET_AL__2020 href=https://ui.adsabs.harvard.edu/abs/2020ApJ...898L..11G/abstract target=ref>Gill et al. 2020</a>,35.45533,0.00019,-0.00019,0,0.201,0.0021,-0.0022,0,9.158,0.314,-0.359,0,109.33352,29.24036,-23.20159,0,0.13,0.1,-0.09,0,0,0.83,0.01,-0.01,0,0.86,0.03,-0.03,0,190.422,1.777,-1.744
NGTS-20 b,1,Transiting Exoplanet Survey Satellite (TESS),<a refstr=ULMER_MOLL_ET_AL__2022 href=https://ui.adsabs.harvard.edu/abs/2022arXiv220703911U/abstract target=ref>Ulmer-Moll et al. 2022</a>,54.18915,0.00015,-0.00015,0,0.313,0.013,-0.013,0,11.994,0.448,-0.448,0,947.12865,50.85255,-47.67426,0,0.432,0.023,-0.023,0,0,1.78,0.05,-0.05,0,1.47,0.09,-0.09,0,382.898,7.433,-7.159
TIC 172900988 b,1,Transiting Exoplanet Survey Satellite (TESS),<a refstr=KOSTOV_ET_AL__2021 href=https://ui.adsabs.harvard.edu/abs/2021AJ....162..234K/abstract target=ref>Kostov et al. 2021</a>,200.452,0.011,-0.011,0,0.90281,0.00016,-0.00016,0,11.25,0.44,-0.44,0,942,5.6,-5.6,0,0.0271,0.0011,-0.0011,0,0,1.38,0,0,0,1.24,0,0,0,250.956,3.254,-3.172
TIC 237913194 b,1,Transiting Exoplanet Survey Satellite (TESS),<a refstr=SCHLECKER_ET_AL__2020 href=https://ui.adsabs.harvard.edu/abs/2020AJ....160..275S/abstract target=ref>Schlecker et al. 2020</a>,15.168865,0.000018,-0.000018,0,0.1207,0.0037,-0.0037,0,12.52,0.605,-0.527,0,617.22586,29.24036,-28.92253,0,0.575,0.011,-0.011,0,0,1.09,0.01,-0.01,0,1.03,0.06,-0.06,0,306.063,2.051,-2.025
TIC 257060897 b,1,Transiting Exoplanet Survey Satellite (TESS),<a refstr=MONTALTO_ET_AL__2022 href=https://ui.adsabs.harvard.edu/abs/2022MNRAS.509.2908M/abstract target=ref>Montalto et al. 2022</a>,3.660028,0.000006,-0.000006,0,0.051,0.002,-0.002,0,16.701,0.448,-0.448,0,212.94503,9.53485,-9.53485,0,0.03,0.02,-0.02,0,0,1.82,0.05,-0.05,0,1.32,0.04,-0.04,0,505.703,5.126,-5.025
TIC 279401253 b,1,Transiting Exoplanet Survey Satellite (TESS),<a refstr=BOZHILOV_ET_AL__2023 href=https://ui.adsabs.harvard.edu/abs/2023arXiv230210838B/abstract target=ref>Bozhilov et al. 2023</a>,76.8,0.06,-0.06,0,0.369,0.003,-0.003,0,11.209,0.448,-0.448,0,1951.46642,123.95308,-133.48793,0,0.448,0.029,-0.028,0,0,1.06,0.01,-0.01,0,1.13,0.02,-0.03,0,285.584,2.79,-2.738
TOI-1062 b,1,Transiting Exoplanet Survey Satellite (TESS),<a refstr=OTEGI_ET_AL__2021 href=https://ui.adsabs.harvard.edu/abs/2021A&A...653A.105O/abstract target=ref>Otegi et al. 2021</a>,4.11296,0.0015,-0.0015,0,0.052,0.024,-0.025,0,2.265,0.096,-0.091,0,10.15,0.81,-0.84,0,0.177,0.067,-0.064,0,0,0.84,0.09,-0.09,0,0.94,0.02,-0.02,0,82.1733,0.1635,-0.1629
TOI-1064 b,1,Transiting Exoplanet Survey Satellite (TESS),<a refstr=WILSON_ET_AL__2022 href=https://ui.adsabs.harvard.edu/abs/2022MNRAS.tmp..107W/abstract target=ref>Wilson et al. 2022</a>,6.443868,0.000025,-0.000025,0,0.06152,0.00086,-0.00089,0,2.587,0.043,-0.042,0,13.5,1.7,-1.8,0,0.047,0.038,-0.03,0,0,0.73,0.01,-0.01,0,0.75,0.03,-0.03,0,68.0726,0.3639,-0.3601
TOI-1064 c,1,Transiting Exoplanet Survey Satellite (TESS),<a refstr=WILSON_ET_AL__2022 href=https://ui.adsabs.harvard.edu/abs/2022MNRAS.tmp..107W/abstract target=ref>Wilson et al. 2022</a>,12.226574,0.000046,-0.000043,0,0.09429,0.00132,-0.00136,0,2.651,0.043,-0.042,0,2.5,1.8,-2,0,0.088,0.081,-0.064,0,0,0.73,0.01,-0.01,0,0.75,0.03,-0.03,0,68.0726,0.3639,-0.3601
TOI-1075 b,1,Transiting Exoplanet Survey Satellite (TESS),<a refstr=ESSACK_ET_AL__2022 href=https://ui.adsabs.harvard.edu/abs/2022arXiv221014901E/abstract target=ref>Essack et al. 2022</a>,0.6047328,0.0000032,-0.0000032,0,0.01159,0.00023,-0.0002,0,1.791,0.116,-0.081,0,9.95,1.36,-1.3,0,0,,,0,0,0.58,0.02,-0.02,0,0.6,0.03,-0.03,0,61.4592,0.09435,-0.09435
TOI-1107 b,1,Transiting Exoplanet Survey Satellite (TESS),<a refstr=PSARIDI_ET_AL__2022 href=https://ui.adsabs.harvard.edu/abs/2022arXiv220510854P/abstract target=ref>Psaridi et al. 2022</a>,4.0782387,0.0000024,-0.0000025,0,0.0561,0.0024,-0.0025,0,14.572,0.56,-0.56,0,1064.72516,57.20911,-57.20911,0,0.025,0.023,-0.016,0,0,1.81,0.06,-0.06,0,1.35,0.08,-0.08,0,281.314,2.031,-2.003
TOI-1130 c,1,Transiting Exoplanet Survey Satellite (TESS),<a refstr=HUANG_ET_AL__2020 href=https://ui.adsabs.harvard.edu/abs/2020ApJ...892L...7H/abstract target=ref>Huang et al. 2020</a>,8.350381,0.000032,-0.000033,0,0.07098,0.00056,-0.0006,0,16.814,3.026,-2.466,0,309.56642,13.66669,-13.98452,0,0.047,0.04,-0.027,0,0,0.69,0.01,-0.01,0,0.68,0.02,-0.02,0,58.2609,0.17,-0.1691
TOI-1201 b,1,Transiting Exoplanet Survey Satellite (TESS),<a refstr=KOSSAKOWSKI_ET_AL__2021 href=https://ui.adsabs.harvard.edu/abs/2021A&A...656A.124K/abstract target=ref>Kossakowski et al. 2021</a>,2.4919863,0.000003,-0.0000031,0,0.0287,0.0012,-0.0012,0,2.415,0.091,-0.09,0,6.28,0.84,-0.88,0,0,,,0,0,0.51,0.02,-0.02,0,0.51,0.02,-0.02,0,37.8871,0.0516,-0.0516
TOI-1221 b,1,Transiting Exoplanet Survey Satellite (TESS),<a refstr=MANN_ET_AL__2023 href=https://ui.adsabs.harvard.edu/abs/2023AJ....165..217M/abstract target=ref>Mann et al. 2023</a>,91.68278,0.00032,-0.00041,0,0.387,0.026,-0.023,0,2.91,0.13,-0.12,0,1112.39942,,,1,0.21,,,1,1,1.03,0.02,-0.02,0,0.93,0.22,-0.22,0,138.411,0.387,-0.386
TOI-1231 b,1,Transiting Exoplanet Survey Satellite (TESS),<a refstr=BURT_ET_AL__2021 href=https://ui.adsabs.harvard.edu/abs/2021AJ....162...87B/abstract target=ref>Burt et al. 2021</a>,24.245586,0.000064,-0.000066,0,0.1288,0.0021,-0.0022,0,3.65,0.16,-0.15,0,15.4,3.3,-3.3,0,0.087,0.12,-0.061,0,0,0.48,0.01,-0.01,0,0.48,0.02,-0.02,0,27.6227,0.0609,-0.0609
TOI-1246 b,1,Transiting Exoplanet Survey Satellite (TESS),<a refstr=TURTELBOOM_ET_AL__2022 href=https://ui.adsabs.harvard.edu/abs/2022arXiv220411895T/abstract target=ref>Turtelboom et al. 2022</a>,4.30744,0.00002,-0.00002,0,0.049,0.002,-0.002,0,3.01,0.06,-0.06,0,8.1,1.1,-1.1,0,,,,,0,0.86,0.05,-0.05,0,0.87,0.03,-0.03,0,169.422,0.673,-0.669
TOI-1246 c,1,Transiting Exoplanet Survey Satellite (TESS),<a refstr=TURTELBOOM_ET_AL__2022 href=https://ui.adsabs.harvard.edu/abs/2022arXiv220411895T/abstract target=ref>Turtelboom et al. 2022</a>,5.904144,0.000083,-0.000083,0,0.061,0.002,-0.002,0,2.51,0.08,-0.08,0,8.8,1.2,-1.2,0,,,,,0,0.86,0.05,-0.05,0,0.87,0.03,-0.03,0,169.422,0.673,-0.669
TOI-1246 d,1,Transiting Exoplanet Survey Satellite (TESS),<a refstr=TURTELBOOM_ET_AL__2022 href=https://ui.adsabs.harvard.edu/abs/2022arXiv220411895T/abstract target=ref>Turtelboom et al. 2022</a>,18.6559,0.00048,-0.00048,0,0.131,0.004,-0.004,0,3.51,0.09,-0.09,0,5.3,1.7,-1.7,0,,,,,1,0.86,0.05,-0.05,0,0.87,0.03,-0.03,0,169.422,0.673,-0.669
TOI-1246 e,1,Transiting Exoplanet Survey Satellite (TESS),<a refstr=TURTELBOOM_ET_AL__2022 href=https://ui.adsabs.harvard.edu/abs/2022arXiv220411895T/abstract target=ref>Turtelboom et al. 2022</a>,37.9216,0.001,-0.001,0,0.211,0.007,-0.007,0,3.78,0.16,-0.16,0,14.8,2.3,-2.3,0,,,,,1,0.86,0.05,-0.05,0,0.87,0.03,-0.03,0,169.422,0.673,-0.669
TOI-125 b,1,Transiting Exoplanet Survey Satellite (TESS),<a refstr=NIELSEN_ET_AL__2020 href=https://ui.adsabs.harvard.edu/abs/2020MNRAS.492.5399N/abstract target=ref>Nielsen et al. 2020</a>,4.65382,0.00033,-0.00031,0,0.05186,0.00086,-0.00077,0,2.726,0.075,-0.075,0,9.5,0.88,-0.88,0,0.194,0.041,-0.036,0,0,0.85,0.01,-0.01,0,0.86,0.04,-0.04,0,111.059,0.444,-0.44
TOI-125 c,1,Transiting Exoplanet Survey Satellite (TESS),<a refstr=NIELSEN_ET_AL__2020 href=https://ui.adsabs.harvard.edu/abs/2020MNRAS.492.5399N/abstract target=ref>Nielsen et al. 2020</a>,9.15059,0.0007,-0.00082,0,0.0814,0.0013,-0.0013,0,2.759,0.1,-0.1,0,6.63,0.99,-0.99,0,0.066,0.07,-0.047,0,0,0.85,0.01,-0.01,0,0.86,0.04,-0.04,0,111.059,0.444,-0.44
TOI-125 d,1,Transiting Exoplanet Survey Satellite (TESS),<a refstr=NIELSEN_ET_AL__2020 href=https://ui.adsabs.harvard.edu/abs/2020MNRAS.492.5399N/abstract target=ref>Nielsen et al. 2020</a>,19.98,0.005,-0.0056,0,0.137,0.0022,-0.0022,0,2.93,0.17,-0.17,0,13.6,1.2,-1.2,0,0.168,0.088,-0.062,0,0,0.85,0.01,-0.01,0,0.86,0.04,-0.04,0,111.059,0.444,-0.44
TOI-1259 A b,1,Transiting Exoplanet Survey Satellite (TESS),<a refstr=MARTIN_ET_AL__2021 href=https://ui.adsabs.harvard.edu/abs/2021MNRAS.507.4132M/abstract target=ref>Martin et al. 2021</a>,3.477978,0.0000019,-0.0000017,0,0.0407,0.00114,-0.0011,0,11.456,0.336,-0.303,0,140.16233,15.57359,-14.93794,0,0,,,0,0,0.71,0.02,-0.02,0,0.74,0.06,-0.06,0,118.106,0.375,-0.372
TOI-1260 b,1,Transiting Exoplanet Survey Satellite (TESS),<a refstr=LAM_ET_AL__2022 href=https://ui.adsabs.harvard.edu/abs/2022arXiv221204307L/abstract target=ref>Lam et al. 2022</a>,3.127463,0.000005,-0.000005,0,0.0367,0.0011,-0.0011,0,2.41,0.05,-0.05,0,8.56,1.54,-1.54,0,0,,,0,0,0.67,0.01,-0.01,0,0.68,0.1,-0.06,0,73.5977,0.1607,-0.1601
TOI-1260 c,1,Transiting Exoplanet Survey Satellite (TESS),<a refstr=LAM_ET_AL__2022 href=https://ui.adsabs.harvard.edu/abs/2022arXiv221204307L/abstract target=ref>Lam et al. 2022</a>,7.493134,0.00002,-0.00002,0,0.0657,0.002,-0.002,0,2.76,0.07,-0.07,0,13.2,4.23,-4.23,0,0,,,0,0,0.67,0.01,-0.01,0,0.68,0.1,-0.06,0,73.5977,0.1607,-0.1601
TOI-1260 d,1,Transiting Exoplanet Survey Satellite (TESS),<a refstr=LAM_ET_AL__2022 href=https://ui.adsabs.harvard.edu/abs/2022arXiv221204307L/abstract target=ref>Lam et al. 2022</a>,16.608164,0.000083,-0.000083,0,0.1116,0.0033,-0.0033,0,3.12,0.08,-0.08,0,11.84,7.79,-7.79,0,0,,,0,0,0.67,0.01,-0.01,0,0.68,0.1,-0.06,0,73.5977,0.1607,-0.1601
TOI-1266 b,1,Transiting Exoplanet Survey Satellite (TESS),<a refstr=DEMORY_ET_AL__2020 href=https://ui.adsabs.harvard.edu/abs/2020A&A...642A..49D/abstract target=ref>Demory et al. 2020</a>,10.894843,0.000067,-0.000066,0,0.0736,0.0016,-0.0017,0,2.37,0.16,-0.12,0,13.5,11,-9,0,0.09,0.06,-0.05,0,1,0.42,0.02,-0.02,0,0.45,0.03,-0.03,0,36.0118,0.0295,-0.0295
TOI-1266 c,1,Transiting Exoplanet Survey Satellite (TESS),<a refstr=DEMORY_ET_AL__2020 href=https://ui.adsabs.harvard.edu/abs/2020A&A...642A..49D/abstract target=ref>Demory et al. 2020</a>,18.80151,0.00067,-0.00069,0,0.1058,0.0023,-0.0024,0,1.56,0.15,-0.13,0,2.2,2,-1.5,0,0.04,0.03,-0.03,0,1,0.42,0.02,-0.02,0,0.45,0.03,-0.03,0,36.0118,0.0295,-0.0295
TOI-1268 b,1,Transiting Exoplanet Survey Satellite (TESS),<a refstr=_SCARON_UBJAK_ET_AL__2022 href=https://ui.adsabs.harvard.edu/abs/2022arXiv220113341S/abstract target=ref>&Scaron;ubjak et al. 2022</a>,8.1577094,0.0000045,-0.0000045,0,0.0711,0.0063,-0.0058,0,9.1,0.6,-0.6,0,96.4,8.2,-8.3,0,0.105,0.04,-0.039,0,0,0.92,0.06,-0.06,0,0.96,0.04,-0.04,0,109.557,0.545,-0.54
TOI-1272 b,1,Transiting Exoplanet Survey Satellite (TESS),<a refstr=MACDOUGALL_ET_AL__2022 href=https://ui.adsabs.harvard.edu/abs/2022arXiv220614327M/abstract target=ref>MacDougall et al. 2022</a>,3.31599,0.00002,-0.00002,0,0.0412,0.0008,-0.0008,0,4.14,0.21,-0.21,0,24.6,2.3,-2.3,0,0.338,0.056,-0.062,0,0,0.79,0.03,-0.03,0,0.85,0.05,-0.05,0,137.572,0.403,-0.401
TOI-1278 b,1,Transiting Exoplanet Survey Satellite (TESS),<a refstr=ARTIGAU_ET_AL__2021 href=https://ui.adsabs.harvard.edu/abs/2021AJ....162..144A/abstract target=ref>Artigau et al. 2021</a>,14.47567,0.00021,-0.00021,0,0.095,0.001,-0.001,0,12.218,2.69,-2.242,0,5879.82553,158.9142,-158.9142,0,0.013,0.004,-0.004,0,0,0.57,0.01,-0.01,0,0.54,0.02,-0.02,0,75.5759,0.15495,-0.15495
TOI-1296 b,1,Transiting Exoplanet Survey Satellite (TESS),<a refstr=MOUTOU_ET_AL__2021 href=https://ui.adsabs.harvard.edu/abs/2021A&A...653A.147M/abstract target=ref>Moutou et al. 2021</a>,3.9443715,0.0000058,-0.0000058,0,0.0497,0.0023,-0.0028,0,13.798,0.347,-0.347,0,94.71287,12.39531,-12.39531,0,0.055,0.061,-0.038,0,0,1.66,0.04,-0.04,0,1.17,0.14,-0.14,0,323.265,2.845,-2.797
TOI-1298 b,1,Transiting Exoplanet Survey Satellite (TESS),<a refstr=MOUTOU_ET_AL__2021 href=https://ui.adsabs.harvard.edu/abs/2021A&A...653A.147M/abstract target=ref>Moutou et al. 2021</a>,4.537164,0.000012,-0.000012,0,0.059,0.0023,-0.0023,0,9.427,0.235,-0.235,0,113.14691,10.17051,-10.17051,0,0.032,0.034,-0.023,0,0,1.41,0.03,-0.03,0,1.44,0.1,-0.1,0,319.036,2.001,-1.978
TOI-132 b,1,Transiting Exoplanet Survey Satellite (TESS),<a refstr=D_IACUTE_AZ_ET_AL__2020 href=https://ui.adsabs.harvard.edu/abs/2020MNRAS.493..973D/abstract target=ref>D&iacute;az et al. 2020</a>,2.1097019,0.000012,-0.000011,0,0.026,0.002,-0.003,0,3.42,0.13,-0.14,0,22.4,1.9,-1.92,0,0.059,0.05,-0.037,0,0,0.9,0.02,-0.02,0,0.97,0.06,-0.06,0,163.678,0.993,-0.981
TOI-1333 b,1,Transiting Exoplanet Survey Satellite (TESS),<a refstr=RODRIGUEZ_ET_AL__2021 href=https://ui.adsabs.harvard.edu/abs/2021AJ....161..194R/abstract target=ref>Rodriguez et al. 2021</a>,4.720219,0.000011,-0.000011,0,0.0626,0.0011,-0.0012,0,15.648,0.628,-0.605,0,753.2571,76.2792,-76.2792,0,0.073,0.092,-0.052,0,0,1.93,0.06,-0.06,0,1.46,0.08,-0.08,0,200.492,1.202,-1.188
TOI-1338 b,1,Transiting Exoplanet Survey Satellite (TESS),<a refstr=KOSTOV_ET_AL__2020 href=https://ui.adsabs.harvard.edu/abs/2020AJ....159..253K/abstract target=ref>Kostov et al. 2020</a>,95.174,0.031,-0.035,0,0.4607,0.0084,-0.0088,0,6.85,0.19,-0.19,0,33,20.3,-19.6,0,0.088,0.0043,-0.0033,0,0,1.33,0.02,-0.03,0,1.13,0.07,-0.07,0,399.017,3.162,-3.113
TOI-1416 b,1,Transiting Exoplanet Survey Satellite (TESS),<a refstr=DEEG_ET_AL__2023 href=https://ui.adsabs.harvard.edu/abs/2023arXiv230518542D/abstract target=ref>Deeg et al. 2023</a>,1.0697568,0.0000028,-0.0000028,0,0.019,0.0003,-0.0003,0,1.62,0.08,-0.08,0,3.48,0.47,-0.47,0,0,,,0,0,0.79,0.04,-0.03,0,0.8,0.04,-0.04,0,55.0135,0.0775,-0.0772
TOI-1422 b,1,Transiting Exoplanet Survey Satellite (TESS),<a refstr=NAPONIELLO_ET_AL__2022 href=https://ui.adsabs.harvard.edu/abs/2022arXiv220703293N/abstract target=ref>Naponiello et al. 2022</a>,12.9972,0.0006,-0.0006,0,0.108,0.003,-0.003,0,3.96,0.13,-0.11,0,9,2.3,-2,0,0.04,0.05,-0.03,0,0,1.02,0.01,-0.01,0,0.98,0.06,-0.07,0,155.141,0.663,-0.657
TOI-1431 b,1,Transiting Exoplanet Survey Satellite (TESS),<a refstr=ADDISON_ET_AL__2021 href=https://ui.adsabs.harvard.edu/abs/2021AJ....162..292A/abstract target=ref>Addison et al. 2021</a>,2.650237,0.000003,-0.000003,0,0.046,0.002,-0.002,0,16.701,0.56,-0.56,0,991.62463,57.20911,-57.20911,0,0.0022,0.003,-0.0016,0,0,1.92,0.07,-0.07,0,1.9,0.1,-0.08,0,148.925,1.034,-1.02
TOI-1452 b,1,Transiting Exoplanet Survey Satellite (TESS),<a refstr=CADIEUX_ET_AL__2022 href=https://ui.adsabs.harvard.edu/abs/2022AJ....164...96C/abstract target=ref>Cadieux et al. 2022</a>,11.06201,0.00002,-0.00002,0,0.061,0.003,-0.003,0,1.672,0.071,-0.071,0,4.82,1.3,-1.3,0,0,,,0,0,0.28,0.01,-0.01,0,0.25,0.01,-0.01,0,30.5212,0.0392,-0.039
TOI-1478 b,1,Transiting Exoplanet Survey Satellite (TESS),<a refstr=RODRIGUEZ_ET_AL__2021 href=https://ui.adsabs.harvard.edu/abs/2021AJ....161..194R/abstract target=ref>Rodriguez et al. 2021</a>,10.180249,0.000015,-0.000015,0,0.0903,0.0018,-0.0013,0,11.882,0.448,-0.437,0,270.47333,16.52716,-14.93801,0,0.024,0.032,-0.017,0,0,1.05,0.03,-0.03,0,0.95,0.06,-0.04,0,152.892,0.915,-0.905
TOI-150.01,1,Transiting Exoplanet Survey Satellite (TESS),<a refstr=KOSSAKOWSKI_ET_AL__2019 href=https://ui.adsabs.harvard.edu/abs/2019MNRAS.490.1094K/abstract target=ref>Kossakowski et al. 2019</a>,5.857487,0.000089,-0.000097,0,0.07037,0.00087,-0.00088,0,14.067,0.235,-0.213,0,797.7533,38.1396,-38.1396,0,0.262,0.045,-0.037,0,0,1.53,0.01,-0.01,0,1.35,0.04,-0.03,0,336.267,1.927,-1.905
TOI-157 b,1,Transiting Exoplanet Survey Satellite (TESS),<a refstr=NIELSEN_ET_AL__2020 href=https://ui.adsabs.harvard.edu/abs/2020A&A...639A..76N/abstract target=ref>Nielsen et al. 2020</a>,2.0845435,0.0000023,-0.0000023,0,0.03138,0.00025,-0.0002,0,14.415,0.258,-0.224,0,375.0394,41.3179,-38.1396,0,0,,,0,0,1.17,0.02,-0.01,0,0.95,0.02,-0.02,0,355.683,2.848,-2.804
TOI-1601 b,1,Transiting Exoplanet Survey Satellite (TESS),<a refstr=RODRIGUEZ_ET_AL__2021 href=https://ui.adsabs.harvard.edu/abs/2021AJ....161..194R/abstract target=ref>Rodriguez et al. 2021</a>,5.331751,0.000011,-0.000011,0,0.06864,0.00079,-0.00075,0,13.888,0.516,-0.437,0,314.6517,34.9613,-34.9613,0,0.036,0.044,-0.026,0,0,2.19,0.07,-0.06,0,1.52,0.05,-0.05,0,336.608,8.389,-7.998
TOI-163 b,1,Transiting Exoplanet Survey Satellite (TESS),<a refstr=KOSSAKOWSKI_ET_AL__2019 href=https://ui.adsabs.harvard.edu/abs/2019MNRAS.490.1094K/abstract target=ref>Kossakowski et al. 2019</a>,4.231306,0.000063,-0.000057,0,0.058,0.0014,-0.0014,0,16.69,0.381,-0.381,0,387.7526,38.1396,-38.1396,0,0,,,0,0,1.65,0.02,-0.03,0,1.44,0.03,-0.03,0,411.719,8.163,-7.857
TOI-1670 b,1,Transiting Exoplanet Survey Satellite (TESS),<a refstr=TRAN_ET_AL__2022 href=https://ui.adsabs.harvard.edu/abs/2022arXiv220304334T/abstract target=ref>Tran et al. 2022</a>,10.98462,0.00046,-0.00051,0,0.103,0.002,-0.002,0,2.06,0.19,-0.15,0,41.31769,,,1,0.59,0.17,-0.26,0,0,1.32,0.02,-0.02,0,1.21,0.02,-0.02,0,168.067,0.69,-0.684
TOI-1670 c,1,Transiting Exoplanet Survey Satellite (TESS),<a refstr=TRAN_ET_AL__2022 href=https://ui.adsabs.harvard.edu/abs/2022arXiv220304334T/abstract target=ref>Tran et al. 2022</a>,40.74976,0.000022,-0.00021,0,0.249,0.005,-0.005,0,11.063,0.28,-0.28,0,200.2319,28.60456,-25.42627,0,0.09,0.05,-0.04,0,0,1.32,0.02,-0.02,0,1.21,0.02,-0.02,0,168.067,0.69,-0.684
TOI-169 b,1,Transiting Exoplanet Survey Satellite (TESS),<a refstr=NIELSEN_ET_AL__2020 href=https://ui.adsabs.harvard.edu/abs/2020A&A...639A..76N/abstract target=ref>Nielsen et al. 2020</a>,2.2554477,0.0000063,-0.0000063,0,0.03524,0.00069,-0.00079,0,12.173,0.908,-0.538,0,251.40353,20.34112,-19.0698,0,0,,,0,0,1.29,0.02,-0.02,0,1.15,0.07,-0.07,0,407.84,4.237,-4.152
TOI-1695 b,1,Transiting Exoplanet Survey Satellite (TESS),<a refstr=CHERUBIM_ET_AL__2022 href=https://ui.adsabs.harvard.edu/abs/2022arXiv221106445C/abstract target=ref>Cherubim et al. 2022</a>,3.1342791,0.0000071,-0.0000063,0,0.033548,0.00026,-0.000268,0,1.9,0.16,-0.14,0,6.36,1,-1,0,0.097,,,1,0,0.52,0.01,-0.01,0,0.51,0.01,-0.01,0,45.1309,0.06805,-0.06805
TOI-1696 b,1,Transiting Exoplanet Survey Satellite (TESS),<a refstr=MORI_ET_AL__2022 href=https://ui.adsabs.harvard.edu/abs/2022AJ....163..298M/abstract target=ref>Mori et al. 2022</a>,2.500311,0.000004,-0.000004,0,0.0229,0.0002,-0.0002,0,3.09,0.11,-0.11,0,48.8,,,1,,,,,0,0.28,0.01,-0.01,0,0.26,0.01,-0.01,0,64.9172,0.3581,-0.3544
TOI-1710 b,1,Transiting Exoplanet Survey Satellite (TESS),<a refstr=K_OUML_NIG_ET_AL__2022 href=https://ui.adsabs.harvard.edu/abs/2022arXiv220408984K/abstract target=ref>K&ouml;nig et al. 2022</a>,24.283429,0.000043,-0.000043,0,0.16,0.04,-0.04,0,5.34,0.11,-0.11,0,28.3,4.7,-4.7,0,0.16,0.08,-0.08,0,0,0.97,0.02,-0.01,0,0.98,0.05,-0.06,0,81.2271,0.1773,-0.1766
TOI-172 b,1,Transiting Exoplanet Survey Satellite (TESS),<a refstr=RODRIGUEZ_ET_AL__2019 href=https://ui.adsabs.harvard.edu/abs/2019AJ....157..191R/abstract target=ref>Rodriguez et al. 2019</a>,9.47725,0.00064,-0.00079,0,0.0914,0.0017,-0.0017,0,10.817,0.359,-0.325,0,1722.6386,69.9226,-63.566,0,0.3806,0.0093,-0.009,0,0,1.78,0.05,-0.04,0,1.13,0.07,-0.06,0,342.831,7.371,-7.071
TOI-1728 b,1,Transiting Exoplanet Survey Satellite (TESS),<a refstr=KANODIA_ET_AL__2020 href=https://ui.adsabs.harvard.edu/abs/2020ApJ...899...29K/abstract target=ref>Kanodia et al. 2020</a>,3.49151,0.000062,-0.000057,0,0.0391,0.0009,-0.0009,0,5.05,0.16,-0.17,0,26.78,5.43,-5.13,0,0.057,0.054,-0.039,0,0,0.62,0.01,-0.01,0,0.65,0.02,-0.02,0,60.798,0.13635,-0.13635
TOI-1749 b,1,Transiting Exoplanet Survey Satellite (TESS),<a refstr=FUKUI_ET_AL__2021 href=https://ui.adsabs.harvard.edu/abs/2021AJ....162..167F/abstract target=ref>Fukui et al. 2021</a>,2.38839,0.00031,-0.00066,0,0.0291,0.0005,-0.0005,0,1.39,0.21,-0.19,0,57,,,1,0.14,,,1,0,0.55,0.03,-0.03,0,0.58,0.03,-0.03,0,99.5561,0.1172,-0.1172
TOI-1749 c,1,Transiting Exoplanet Survey Satellite (TESS),<a refstr=FUKUI_ET_AL__2021 href=https://ui.adsabs.harvard.edu/abs/2021AJ....162..167F/abstract target=ref>Fukui et al. 2021</a>,4.4929,0.0038,-0.0027,0,0.0443,0.0008,-0.0008,0,2.12,0.12,-0.12,0,14,,,1,0.019,,,1,0,0.55,0.03,-0.03,0,0.58,0.03,-0.03,0,99.5561,0.1172,-0.1172
TOI-1749 d,1,Transiting Exoplanet Survey Satellite (TESS),<a refstr=FUKUI_ET_AL__2021 href=https://ui.adsabs.harvard.edu/abs/2021AJ....162..167F/abstract target=ref>Fukui et al. 2021</a>,9.0497,0.0049,-0.0032,0,0.0707,0.0012,-0.0012,0,2.52,0.15,-0.15,0,15,,,1,0.062,,,1,0,0.55,0.03,-0.03,0,0.58,0.03,-0.03,0,99.5561,0.1172,-0.1172
TOI-1759 b,1,Transiting Exoplanet Survey Satellite (TESS),<a refstr=ESPINOZA_ET_AL__2022 href=https://ui.adsabs.harvard.edu/abs/2022AJ....163..133E/abstract target=ref>Espinoza et al. 2022</a>,18.85019,0.00013,-0.00013,0,0.1177,0.0038,-0.0038,0,3.14,0.1,-0.1,0,10.8,1.5,-1.5,0,0,,,0,0,0.6,0.01,-0.01,0,0.61,0.02,-0.02,0,40.0654,0.0423,-0.0423
TOI-178 b,1,Transiting Exoplanet Survey Satellite (TESS),<a refstr=LELEU_ET_AL__2021 href=https://ui.adsabs.harvard.edu/abs/2021A&A...649A..26L/abstract target=ref>Leleu et al. 2021</a>,1.914558,0.000018,-0.000018,0,0.02607,0.00078,-0.00078,0,1.152,0.073,-0.07,0,1.5,0.39,-0.44,0,,,,,0,0.65,0.01,-0.01,0,0.65,0.03,-0.03,0,62.699,0.2074,-0.2061
TOI-178 c,1,Transiting Exoplanet Survey Satellite (TESS),<a refstr=LELEU_ET_AL__2021 href=https://ui.adsabs.harvard.edu/abs/2021A&A...649A..26L/abstract target=ref>Leleu et al. 2021</a>,3.23845,0.00002,-0.000019,0,0.037,0.0011,-0.0011,0,1.669,0.114,-0.099,0,4.77,0.55,-0.68,0,,,,,0,0.65,0.01,-0.01,0,0.65,0.03,-0.03,0,62.699,0.2074,-0.2061
TOI-178 d,1,Transiting Exoplanet Survey Satellite (TESS),<a refstr=LELEU_ET_AL__2021 href=https://ui.adsabs.harvard.edu/abs/2021A&A...649A..26L/abstract target=ref>Leleu et al. 2021</a>,6.5577,0.000016,-0.000016,0,0.0592,0.0018,-0.0018,0,2.572,0.075,-0.078,0,3.01,0.8,-1.03,0,,,,,0,0.65,0.01,-0.01,0,0.65,0.03,-0.03,0,62.699,0.2074,-0.2061
TOI-178 e,1,Transiting Exoplanet Survey Satellite (TESS),<a refstr=LELEU_ET_AL__2021 href=https://ui.adsabs.harvard.edu/abs/2021A&A...649A..26L/abstract target=ref>Leleu et al. 2021</a>,9.961881,0.000042,-0.000042,0,0.0783,0.0023,-0.0024,0,2.207,0.088,-0.09,0,3.86,1.25,-0.94,0,,,,,0,0.65,0.01,-0.01,0,0.65,0.03,-0.03,0,62.699,0.2074,-0.2061
TOI-178 g,1,Transiting Exoplanet Survey Satellite (TESS),<a refstr=LELEU_ET_AL__2021 href=https://ui.adsabs.harvard.edu/abs/2021A&A...649A..26L/abstract target=ref>Leleu et al. 2021</a>,20.7095,0.00014,-0.00011,0,0.1275,0.0038,-0.0039,0,2.87,0.14,-0.13,0,3.94,1.31,-1.62,0,,,,,0,0.65,0.01,-0.01,0,0.65,0.03,-0.03,0,62.699,0.2074,-0.2061
TOI-1789 b,1,Transiting Exoplanet Survey Satellite (TESS),<a refstr=KHANDELWAL_ET_AL__2022 href=https://ui.adsabs.harvard.edu/abs/2022MNRAS.509.3339K/abstract target=ref>Khandelwal et al. 2022</a>,3.208664,0.000015,-0.000015,0,0.04882,0.00063,-0.0016,0,16.141,2.69,-1.569,0,222.47988,50.85255,-50.85255,0,,,,,0,2.17,0.04,-0.03,0,1.51,0.06,-0.14,0,229.067,2.388,-2.34
TOI-181 b,1,Transiting Exoplanet Survey Satellite (TESS),<a refstr=MISTRY_ET_AL__2023 href=https://ui.adsabs.harvard.edu/abs/2023MNRAS.tmp..527M/abstract target=ref>Mistry et al. 2023</a>,4.532,0.000002,-0.000002,0,0.0539,0.0043,-0.0036,0,6.956,0.087,-0.101,0,46.1687,2.71,-7.83,0,0.1543,0.06,-0.03,0,0,0.74,0.02,-0.02,0,0.82,0.04,-0.04,0,96.2338,0.5781,-0.5714
TOI-1811 b,1,Transiting Exoplanet Survey Satellite (TESS),<a refstr=RODRIGUEZ_ET_AL__2023 href=https://ui.adsabs.harvard.edu/abs/2023MNRAS.tmp..609R/abstract target=ref>Rodriguez et al. 2023</a>,3.7130765,0.0000017,-0.0000017,0,0.04389,0.00058,-0.00055,0,11.142,0.28,-0.258,0,308.92921,24.15496,-24.79062,0,0.052,0.062,-0.037,0,0,0.77,0.02,-0.02,0,0.82,0.03,-0.03,0,128.23,0.711,-0.704
TOI-1820 b,1,Transiting Exoplanet Survey Satellite (TESS),<a refstr=KNUDSTRUP_ET_AL__2022 href=https://ui.adsabs.harvard.edu/abs/2022arXiv220413956K/abstract target=ref>Knudstrup et al. 2022</a>,4.860674,0.000005,-0.000005,0,0.061,0.003,-0.003,0,12.778,0.224,-0.224,0,731.00534,63.56568,-63.56568,0,0.043,0.008,-0.008,0,0,1.51,0.06,-0.06,0,1.04,0.13,-0.13,0,248.504,3.648,-3.546
TOI-1842 b,1,Transiting Exoplanet Survey Satellite (TESS),<a refstr=WITTENMYER_ET_AL__2022 href=https://ui.adsabs.harvard.edu/abs/2022AJ....163...82W/abstract target=ref>Wittenmyer et al. 2022</a>,9.5739,0.0002,-0.0001,0,0.1001,0.0007,-0.0007,0,11.657,0.673,-0.56,0,68.01528,12.71314,-12.07748,0,,,,,0,2.02,0.05,-0.05,0,1.46,0.03,-0.03,0,223.465,2.26,-2.216
TOI-1899 b,1,Transiting Exoplanet Survey Satellite (TESS),<a refstr=CA_NTILDE_AS_ET_AL__2020 href=https://ui.adsabs.harvard.edu/abs/2020AJ....160..147C/abstract target=ref>Ca&ntilde;as et al. 2020</a>,29.02,0.36,-0.23,0,0.1587,0.0067,-0.0075,0,12.89,0.448,-0.56,0,209.7678,22.2481,-22.2481,0,0.118,0.073,-0.077,0,0,0.61,0.02,-0.02,0,0.63,0.03,-0.03,0,128.438,0.25,-0.25
TOI-1937 A b,1,Transiting Exoplanet Survey Satellite (TESS),<a refstr=YEE_ET_AL__2023 href=https://ui.adsabs.harvard.edu/abs/2023ApJS..265....1Y/abstract target=ref>Yee et al. 2023</a>,0.94667944,0.00000047,-0.00000047,0,0.01932,0.00035,-0.00039,0,13.978,0.661,-0.695,0,638.8351,54.03083,-50.85255,0,0,,,0,0,1.08,0.03,-0.02,0,1.07,0.06,-0.06,0,415.135,2.929,-2.889
TOI-2000 b,1,Transiting Exoplanet Survey Satellite (TESS),<a refstr=SHA_ET_AL__2023 href=https://ui.adsabs.harvard.edu/abs/2023MNRAS.tmp.1632S/abstract target=ref>Sha et al. 2023</a>,3.09833,0.000021,-0.000019,0,0.04271,0.00076,-0.00067,0,2.7,0.15,-0.15,0,11,2.4,-2.4,0,0,,,0,0,1.13,0.04,-0.04,0,1.08,0.06,-0.05,0,175.713,0.76,-0.754
TOI-2000 c,1,Transiting Exoplanet Survey Satellite (TESS),<a refstr=SHA_ET_AL__2023 href=https://ui.adsabs.harvard.edu/abs/2023MNRAS.tmp.1632S/abstract target=ref>Sha et al. 2023</a>,9.127055,0.0000073,-0.0000072,0,0.0878,0.0016,-0.0014,0,8.14,0.31,-0.3,0,81.7,4.7,-4.6,0,0.063,0.023,-0.022,0,0,1.13,0.04,-0.04,0,1.08,0.06,-0.05,0,175.713,0.76,-0.754
TOI-201 b,1,Transiting Exoplanet Survey Satellite (TESS),<a refstr=HOBSON_ET_AL__2021 href=https://ui.adsabs.harvard.edu/abs/2021AJ....161..235H/abstract target=ref>Hobson et al. 2021</a>,52.97818,0.00004,-0.00004,0,0.3,0.02,-0.03,0,11.299,0.135,-0.168,0,133.4886,15.8915,-9.5349,0,0.28,0.06,-0.09,0,0,1.32,0.01,-0.01,0,1.32,0.03,-0.03,0,113.825,0.347,-0.345
TOI-2025 b,1,Transiting Exoplanet Survey Satellite (TESS),<a refstr=RODRIGUEZ_ET_AL__2023 href=https://ui.adsabs.harvard.edu/abs/2023MNRAS.tmp..609R/abstract target=ref>Rodriguez et al. 2023</a>,8.8720982,0.0000077,-0.0000077,0,0.0892,0.0018,-0.0023,0,11.893,0.37,-0.347,0,1144.18227,104.88337,-104.88337,0,0.394,0.035,-0.038,0,0,1.46,0.04,-0.04,0,1.2,0.07,-0.09,0,335.985,2.434,-2.4
TOI-2109 b,1,Transiting Exoplanet Survey Satellite (TESS),<a refstr=WONG_ET_AL__2021 href=https://ui.adsabs.harvard.edu/abs/2021AJ....162..256W/abstract target=ref>Wong et al. 2021</a>,0.67247414,0.00000003,-0.00000028,0,0.01791,0.00065,-0.00065,0,15.098,0.527,-0.527,0,1595.4986,238.37131,-238.37131,0,,,,,0,1.7,0.06,-0.06,0,1.45,0.07,-0.07,0,262.041,2.753,-2.698
TOI-2136 b,1,Transiting Exoplanet Survey Satellite (TESS),<a refstr=GAN_ET_AL__2022 href=https://ui.adsabs.harvard.edu/abs/2022MNRAS.tmp.1417G/abstract target=ref>Gan et al. 2022</a>,7.851928,0.000018,-0.000016,0,0.057,0.006,-0.006,0,2.19,0.17,-0.17,0,6.37,2.45,-2.29,0,0,,,0,0,0.34,0.02,-0.02,0,0.34,0.02,-0.02,0,33.3631,0.06425,-0.06425
TOI-2145 b,1,Transiting Exoplanet Survey Satellite (TESS),<a refstr=RODRIGUEZ_ET_AL__2023 href=https://ui.adsabs.harvard.edu/abs/2023MNRAS.tmp..609R/abstract target=ref>Rodriguez et al. 2023</a>,10.26075,0.00083,-0.00082,0,0.1108,0.0012,-0.0016,0,11.982,0.325,-0.314,0,1671.77742,120.77479,-117.59651,0,0.208,0.034,-0.047,0,0,2.75,0.07,-0.06,0,1.72,0.06,-0.07,0,224.731,1.102,-1.092
TOI-2152 A b,1,Transiting Exoplanet Survey Satellite (TESS),<a refstr=RODRIGUEZ_ET_AL__2023 href=https://ui.adsabs.harvard.edu/abs/2023MNRAS.tmp..609R/abstract target=ref>Rodriguez et al. 2023</a>,3.3773512,0.000006,-0.0000061,0,0.05064,0.00093,-0.0011,0,14.359,0.56,-0.516,0,899.45439,120.77479,-117.59651,0,0.057,0.068,-0.04,0,0,1.61,0.06,-0.05,0,1.52,0.09,-0.1,0,303.006,3.11,-3.049
TOI-2154 b,1,Transiting Exoplanet Survey Satellite (TESS),<a refstr=RODRIGUEZ_ET_AL__2023 href=https://ui.adsabs.harvard.edu/abs/2023MNRAS.tmp..609R/abstract target=ref>Rodriguez et al. 2023</a>,3.8240801,0.0000025,-0.0000025,0,0.0513,0.0011,-0.0013,0,16.287,0.594,-0.538,0,292.40213,60.3874,-57.20911,0,0.117,0.1,-0.079,0,0,1.4,0.05,-0.04,0,1.23,0.08,-0.09,0,296.46,2.174,-2.143
TOI-2158 b,1,Transiting Exoplanet Survey Satellite (TESS),<a refstr=KNUDSTRUP_ET_AL__2022 href=https://ui.adsabs.harvard.edu/abs/2022arXiv220413956K/abstract target=ref>Knudstrup et al. 2022</a>,8.60077,0.00003,-0.00003,0,0.075,0.004,-0.004,0,10.761,0.135,-0.135,0,260.61929,25.42627,-25.42627,0,0.07,,,1,0,1.41,0.03,-0.03,0,1.12,0.12,-0.12,0,198.473,1.403,-1.383
TOI-2180 b,1,Transiting Exoplanet Survey Satellite (TESS),<a refstr=DALBA_ET_AL__2022 href=https://ui.adsabs.harvard.edu/abs/2022AJ....163...61D/abstract target=ref>Dalba et al. 2022</a>,260.79,0.59,-0.58,0,0.828,0.012,-0.012,0,11.321,0.247,-0.213,0,875.61726,27.65107,-25.7441,0,0.3683,0.0073,-0.0073,0,0,1.64,0.03,-0.03,0,1.11,0.05,-0.05,0,116.685,0.267,-0.266
TOI-2193 A b,1,Transiting Exoplanet Survey Satellite (TESS),<a refstr=YEE_ET_AL__2022 href=https://ui.adsabs.harvard.edu/abs/2022AJ....164...70Y/abstract target=ref>Yee et al. 2022</a>,2.1225735,0.0000016,-0.0000016,0,0.03319,0.00052,-0.00051,0,19.84,,,0,298.7587,57.20911,-57.20911,0,0,,,0,0,1.25,0.03,-0.03,0,1.08,0.05,-0.05,0,337.064,2.385,-2.351
TOI-2196 b,1,Transiting Exoplanet Survey Satellite (TESS),<a refstr=PERSSON_ET_AL__2022 href=https://ui.adsabs.harvard.edu/abs/2022arXiv220805797P/abstract target=ref>Persson et al. 2022</a>,1.1947268,0.0000079,-0.0000093,0,0.02234,0.0006,-0.0006,0,3.51,0.15,-0.15,0,26,1.3,-1.3,0,0,,,0,0,1.04,0.02,-0.02,0,1.03,0.04,-0.04,0,259.947,2.036,-2.005
TOI-220 b,1,Transiting Exoplanet Survey Satellite (TESS),<a refstr=HOYER_ET_AL__2021 href=https://ui.adsabs.harvard.edu/abs/2021MNRAS.505.3361H/abstract target=ref>Hoyer et al. 2021</a>,10.695264,0.000086,-0.000086,0,0.08911,0.001,-0.001,0,3.03,0.15,-0.15,0,13.8,1,-1,0,0.032,0.038,-0.023,0,0,0.86,0.03,-0.03,0,0.82,0.03,-0.03,0,90.7402,0.1715,-0.1709
TOI-2202 b,1,Transiting Exoplanet Survey Satellite (TESS),<a refstr=TRIFONOV_ET_AL__2021 href=https://ui.adsabs.harvard.edu/abs/2021AJ....162..283T/abstract target=ref>Trifonov et al. 2021</a>,11.9101,0.0022,-0.0036,0,0.09564,0.00156,-0.00161,0,11.321,5.851,-0.897,0,310.83618,20.02319,-18.68831,0,0.042,0.0255,-0.0075,0,1,0.79,0.01,-0.01,0,0.82,0.03,-0.02,0,235.933,1.051,-1.041
TOI-2207 b,1,Transiting Exoplanet Survey Satellite (TESS),<a refstr=YEE_ET_AL__2022 href=https://ui.adsabs.harvard.edu/abs/2022AJ....164...70Y/abstract target=ref>Yee et al. 2022</a>,8.001968,0.000024,-0.000025,0,0.0854,0.0015,-0.0016,0,11.153,0.314,-0.303,0,203.41018,31.78284,-38.13941,0,0.174,0.048,-0.052,0,0,1.56,0.04,-0.04,0,1.3,0.07,-0.07,0,373.345,6.487,-6.273
TOI-2236 b,1,Transiting Exoplanet Survey Satellite (TESS),<a refstr=YEE_ET_AL__2022 href=https://ui.adsabs.harvard.edu/abs/2022AJ....164...70Y/abstract target=ref>Yee et al. 2022</a>,3.5315902,0.0000026,-0.0000026,0,0.05009,0.0008,-0.00082,0,14.37,0.359,-0.347,0,502.16888,127.13136,-123.95308,0,0,0.048,-0.052,0,0,1.57,0.03,-0.03,0,1.34,0.07,-0.07,0,355.59,2.461,-2.427
TOI-2285 b,1,Transiting Exoplanet Survey Satellite (TESS),<a refstr=FUKUI_ET_AL__2022 href=https://ui.adsabs.harvard.edu/abs/2022PASJ...74L...1F/abstract target=ref>Fukui et al. 2022</a>,27.26955,0.00013,-0.0001,0,0.1363,0.001,-0.001,0,1.74,0.08,-0.08,0,19.5,,,1,0.3,0.1,-0.09,0,0,0.46,0.01,-0.01,0,0.45,0.01,-0.01,0,42.409,0.047,-0.047
TOI-2338 b,1,Transiting Exoplanet Survey Satellite (TESS),<a refstr=BRAHM_ET_AL__2023 href=https://arxiv.org/abs/2304.02139 target=ref>Brahm et al. 2023</a>,22.65398,0.00002,-0.00002,0,0.158,0.003,-0.003,0,11.209,0.224,-0.224,0,1900.61387,66.74397,-63.56568,0,0.676,0.002,-0.002,0,0,1.05,0.01,-0.01,0,0.99,0.03,-0.02,0,313.996,1.98,-1.956
TOI-2364 b,1,Transiting Exoplanet Survey Satellite (TESS),<a refstr=YEE_ET_AL__2023 href=https://ui.adsabs.harvard.edu/abs/2023ApJS..265....1Y/abstract target=ref>Yee et al. 2023</a>,4.0197517,0.0000043,-0.0000043,0,0.04871,0.00069,-0.00079,0,8.608,0.258,-0.202,0,71.51139,13.66662,-15.57359,0,0,,,0,0,0.89,0.02,-0.02,0,0.95,0.04,-0.05,0,219.614,1.715,-1.689
TOI-2421 b,1,Transiting Exoplanet Survey Satellite (TESS),<a refstr=YEE_ET_AL__2022 href=https://ui.adsabs.harvard.edu/abs/2022AJ....164...70Y/abstract target=ref>Yee et al. 2022</a>,4.3474032,0.0000079,-0.0000078,0,0.0543,0.0021,-0.001,0,10.368,0.392,-0.381,0,105.83686,25.10844,-25.10844,0,0,0.048,-0.052,0,0,1.75,0.05,-0.05,0,1.13,0.13,-0.06,0,327.927,3.248,-3.185
TOI-244 b,1,Transiting Exoplanet Survey Satellite (TESS),<a refstr=CASTRO_GONZ_AACUTE_LEZ_ET_AL__2023 href=https://ui.adsabs.harvard.edu/abs/2023arXiv230504922C/abstract target=ref>Castro-Gonz&aacute;lez et al. 2023</a>,7.397225,0.000026,-0.000023,0,0.0559,0.0013,-0.0013,0,1.52,0.12,-0.12,0,2.68,0.3,-0.3,0,,,,,0,0.43,0.03,-0.03,0,0.43,0.03,-0.03,0,22.0337,0.0334,-0.0333
TOI-2497 b,1,Transiting Exoplanet Survey Satellite (TESS),<a refstr=RODRIGUEZ_ET_AL__2023 href=https://ui.adsabs.harvard.edu/abs/2023MNRAS.tmp..609R/abstract target=ref>Rodriguez et al. 2023</a>,10.655669,0.000038,-0.000038,0,0.1166,0.0018,-0.0018,0,11.142,0.616,-0.549,0,1531.93292,130.30965,-130.30965,0,0.195,0.043,-0.04,0,0,2.36,0.12,-0.11,0,1.86,0.09,-0.08,0,285.289,3.564,-3.479
TOI-2498 b,1,Transiting Exoplanet Survey Satellite (TESS),<a refstr=FRAME_ET_AL__2023 href=https://ui.adsabs.harvard.edu/abs/2023MNRAS.tmp.1428F/abstract target=ref>Frame et al. 2023</a>,3.738252,0.000004,-0.000004,0,0.0491,0.003,-0.003,0,6.06,0.29,-0.27,0,34.62,4.1,-4.09,0,0.089,0.075,-0.075,0,0,1.26,0.04,-0.04,0,1.12,0.02,-0.02,0,275.265,4.204,-4.082
TOI-251 b,1,Transiting Exoplanet Survey Satellite (TESS),<a refstr=ZHOU_ET_AL__2021 href=https://ui.adsabs.harvard.edu/abs/2021AJ....161....2Z/abstract target=ref>Zhou et al. 2021</a>,4.93777,0.000028,-0.000029,0,0.05741,0.00023,-0.00017,0,2.74,0.18,-0.18,0,317.83,,,1,0,,,0,0,0.88,0.04,-0.05,0,1.04,0.01,-0.01,0,99.523,0.4374,-0.4336
TOI-2525 b,1,Transiting Exoplanet Survey Satellite (TESS),<a refstr=TRIFONOV_ET_AL__2023 href=https://ui.adsabs.harvard.edu/abs/2023arXiv230205694T/abstract target=ref>Trifonov et al. 2023</a>,23.2856,0.0017,-0.0017,0,0.1511,0.002,-0.002,0,8.676,0.112,-0.112,0,26.69759,1.58914,-1.58914,0,0.17,0.011,-0.01,0,1,0.79,0.03,-0.03,0,0.85,0.04,-0.04,0,395.398,2.253,-2.229
TOI-2525 c,1,Transiting Exoplanet Survey Satellite (TESS),<a refstr=TRIFONOV_ET_AL__2023 href=https://ui.adsabs.harvard.edu/abs/2023arXiv230205694T/abstract target=ref>Trifonov et al. 2023</a>,49.2519,0.0004,-0.0004,0,0.249,0.004,-0.004,0,10.133,0.112,-0.112,0,208.81326,9.85268,-10.17051,0,0.157,0.008,-0.007,0,1,0.79,0.03,-0.03,0,0.85,0.04,-0.04,0,395.398,2.253,-2.229
TOI-2567 b,1,Transiting Exoplanet Survey Satellite (TESS),<a refstr=YEE_ET_AL__2022 href=https://ui.adsabs.harvard.edu/abs/2022AJ....164...70Y/abstract target=ref>Yee et al. 2022</a>,5.983944,0.000013,-0.000013,0,0.0672,0.0024,-0.0012,0,10.929,0.347,-0.325,0,63.88351,10.80617,-9.85268,0,0,0.048,-0.052,0,0,1.69,0.04,-0.04,0,1.13,0.13,-0.06,0,504.775,5.219,-5.115
TOI-257 b,1,Transiting Exoplanet Survey Satellite (TESS),<a refstr=ADDISON_ET_AL__2021 href=https://ui.adsabs.harvard.edu/abs/2021MNRAS.502.3704A/abstract target=ref>Addison et al. 2021</a>,18.38818,0.00085,-0.00084,0,0.1528,0.0016,-0.0017,0,7.163,0.146,-0.146,0,43.86032,7.31005,-7.31005,0,0,,,0,0,1.87,0.03,-0.03,0,1.41,0.04,-0.05,0,76.9028,0.1953,-0.1943
TOI-2570 b,1,Transiting Exoplanet Survey Satellite (TESS),<a refstr=YEE_ET_AL__2022 href=https://ui.adsabs.harvard.edu/abs/2022AJ....164...70Y/abstract target=ref>Yee et al. 2022</a>,2.9887615,0.0000022,-0.0000022,0,0.04145,0.00081,-0.00086,0,13.641,0.392,-0.381,0,260.61929,20.02319,-20.65885,0,0,0.048,-0.052,0,0,1.09,0.03,-0.03,0,1.06,0.06,-0.07,0,361.857,6.349,-6.138
TOI-2583 A b,1,Transiting Exoplanet Survey Satellite (TESS),<a refstr=YEE_ET_AL__2023 href=https://ui.adsabs.harvard.edu/abs/2023ApJS..265....1Y/abstract target=ref>Yee et al. 2023</a>,4.5207265,0.0000049,-0.0000049,0,0.0571,0.001,-0.0013,0,14.46,0.448,-0.37,0,79.4571,18.43405,-17.79839,0,0,,,0,0,1.48,0.04,-0.03,0,1.22,0.06,-0.08,0,566.189,6.47,-6.328
TOI-2587 A b,1,Transiting Exoplanet Survey Satellite (TESS),<a refstr=YEE_ET_AL__2023 href=https://ui.adsabs.harvard.edu/abs/2023ApJS..265....1Y/abstract target=ref>Yee et al. 2023</a>,5.45664,0.000011,-0.000011,0,0.0635,0.0025,-0.0013,0,12.072,0.471,-0.448,0,69.28659,17.16273,-14.62011,0,0,,,0,0,1.73,0.05,-0.05,0,1.15,0.14,-0.07,0,373.675,5.953,-5.772
TOI-2589 b,1,Transiting Exoplanet Survey Satellite (TESS),<a refstr=BRAHM_ET_AL__2023 href=https://arxiv.org/abs/2304.02139 target=ref>Brahm et al. 2023</a>,61.6277,0.0002,-0.0002,0,0.3,0.006,-0.005,0,12.106,0.336,-0.336,0,1112.39942,31.78284,-31.78284,0,0.522,0.006,-0.006,0,0,1.07,0.01,-0.01,0,0.93,0.03,-0.02,0,200.273,0.832,-0.826
TOI-2641 b,1,Transiting Exoplanet Survey Satellite (TESS),<a refstr=PSARIDI_ET_AL__2023 href=https://ui.adsabs.harvard.edu/abs/2023A&A...675A..39P/abstract target=ref>Psaridi et al. 2023</a>,4.880974,0.000023,-0.000037,0,0.0607,0.0042,-0.0043,0,18.103,5.179,-7.174,0,122.68177,6.99222,-11.44182,0,0.18,,,1,0,1.34,0.06,-0.06,0,1.16,0.07,-0.07,0,344.045,3.342,-3.279
TOI-269 b,1,Transiting Exoplanet Survey Satellite (TESS),<a refstr=COINTEPAS_ET_AL__2021 href=https://ui.adsabs.harvard.edu/abs/2021A&A...650A.145C/abstract target=ref>Cointepas et al. 2021</a>,3.6977104,0.0000037,-0.0000037,0,0.0345,0.0015,-0.0015,0,2.77,0.12,-0.12,0,8.8,1.4,-1.4,0,0.425,0.082,-0.086,0,0,0.4,0.01,-0.01,0,0.39,0.01,-0.01,0,57.0225,0.0757,-0.0756
TOI-270 b,1,Transiting Exoplanet Survey Satellite (TESS),<a refstr=VAN_EYLEN_ET_AL__2021 href=https://ui.adsabs.harvard.edu/abs/2021MNRAS.507.2154V/abstract target=ref>Van Eylen et al. 2021</a>,3.3601538,0.0000048,-0.0000048,0,0.03197,0.00022,-0.00022,0,1.206,0.039,-0.039,0,1.58,0.26,-0.26,0,0.034,0.025,-0.025,0,0,0.38,0.01,-0.01,0,0.39,0.01,-0.01,0,22.4793,0.01355,-0.01355
TOI-270 c,1,Transiting Exoplanet Survey Satellite (TESS),<a refstr=VAN_EYLEN_ET_AL__2021 href=https://ui.adsabs.harvard.edu/abs/2021MNRAS.507.2154V/abstract target=ref>Van Eylen et al. 2021</a>,5.6605731,0.0000031,-0.0000031,0,0.04526,0.00031,-0.00031,0,2.355,0.064,-0.064,0,6.15,0.37,-0.37,0,0.027,0.021,-0.021,0,0,0.38,0.01,-0.01,0,0.39,0.01,-0.01,0,22.4793,0.01355,-0.01355
TOI-270 d,1,Transiting Exoplanet Survey Satellite (TESS),<a refstr=VAN_EYLEN_ET_AL__2021 href=https://ui.adsabs.harvard.edu/abs/2021MNRAS.507.2154V/abstract target=ref>Van Eylen et al. 2021</a>,11.379573,0.000013,-0.000013,0,0.0721,0.0005,-0.0005,0,2.133,0.058,-0.058,0,4.78,0.43,-0.43,0,0.032,0.023,-0.023,0,0,0.38,0.01,-0.01,0,0.39,0.01,-0.01,0,22.4793,0.01355,-0.01355
TOI-2796 b,1,Transiting Exoplanet Survey Satellite (TESS),<a refstr=YEE_ET_AL__2023 href=https://ui.adsabs.harvard.edu/abs/2023ApJS..265....1Y/abstract target=ref>Yee et al. 2023</a>,4.8084983,0.0000057,-0.0000056,0,0.0569,0.001,-0.0011,0,17.262,,,-1,139.8445,31.78284,-34.96112,0,0,,,0,0,1.07,0.02,-0.02,0,1.06,0.06,-0.06,0,350.343,6.018,-5.821
TOI-2803 A b,1,Transiting Exoplanet Survey Satellite (TESS),<a refstr=YEE_ET_AL__2023 href=https://ui.adsabs.harvard.edu/abs/2023ApJS..265....1Y/abstract target=ref>Yee et al. 2023</a>,1.96229325,0.00000082,-0.00000082,0,0.03185,0.00052,-0.00052,0,18.114,0.381,-0.359,0,309.8827,26.37976,-22.24799,0,0,,,0,0,1.25,0.02,-0.02,0,1.12,0.06,-0.05,0,494.818,6.647,-6.477
TOI-2818 b,1,Transiting Exoplanet Survey Satellite (TESS),<a refstr=YEE_ET_AL__2023 href=https://ui.adsabs.harvard.edu/abs/2023ApJS..265....1Y/abstract target=ref>Yee et al. 2023</a>,4.039709,0.0000024,-0.0000023,0,0.0493,0.001,-0.0008,0,15.278,0.516,-0.504,0,225.65817,82.63539,-82.63539,0,0,,,0,0,1.23,0.03,-0.03,0,0.98,0.06,-0.05,0,312.674,2.265,-2.233
TOI-2842 b,1,Transiting Exoplanet Survey Satellite (TESS),<a refstr=YEE_ET_AL__2023 href=https://ui.adsabs.harvard.edu/abs/2023ApJS..265....1Y/abstract target=ref>Yee et al. 2023</a>,3.5514058,0.0000077,-0.0000078,0,0.0475,0.001,-0.0011,0,12.845,0.572,-0.538,0,117.59651,16.52708,-14.93794,0,0,,,0,0,1.26,0.04,-0.04,0,1.14,0.08,-0.08,0,460.995,7.719,-7.473
TOI-2977 b,1,Transiting Exoplanet Survey Satellite (TESS),<a refstr=YEE_ET_AL__2023 href=https://ui.adsabs.harvard.edu/abs/2023ApJS..265....1Y/abstract target=ref>Yee et al. 2023</a>,2.3505614,0.0000025,-0.0000025,0,0.03386,0.00067,-0.0005,0,13.159,0.347,-0.303,0,533.95172,82.63539,-79.4571,0,0,,,0,0,1.07,0.02,-0.02,0,0.94,0.06,-0.04,0,,,
TOI-3023 b,1,Transiting Exoplanet Survey Satellite (TESS),<a refstr=YEE_ET_AL__2023 href=https://ui.adsabs.harvard.edu/abs/2023ApJS..265....1Y/abstract target=ref>Yee et al. 2023</a>,3.9014971,0.0000031,-0.0000031,0,0.0505,0.0015,-0.0009,0,16.432,0.482,-0.359,0,197.05361,31.78284,-28.60456,0,0,,,0,0,1.67,0.05,-0.03,0,1.12,0.11,-0.06,0,389.916,3.196,-3.146
TOI-3235 b,1,Transiting Exoplanet Survey Satellite (TESS),<a refstr=HOBSON_ET_AL__2023 href=https://ui.adsabs.harvard.edu/abs/2023arXiv230210008H/abstract target=ref>Hobson et al. 2023</a>,2.59261842,0.00000041,-0.00000041,0,0.02709,0.00046,-0.00046,0,11.4,0.493,-0.493,0,211.35589,7.94571,-7.94571,0,0.029,,,1,0,0.37,0.02,-0.02,0,0.39,0.02,-0.02,0,72.811,0.5346,-0.527
TOI-3331 A b,1,Transiting Exoplanet Survey Satellite (TESS),<a refstr=YEE_ET_AL__2022 href=https://ui.adsabs.harvard.edu/abs/2022AJ....164...70Y/abstract target=ref>Yee et al. 2022</a>,2.0180231,0.0000043,-0.0000044,0,0.03144,0.00048,-0.00055,0,12.98,0.482,-0.482,0,721.47048,50.85255,-50.85255,0,0,0.048,-0.052,0,0,0.95,0.03,-0.03,0,1.02,0.05,-0.05,0,217.193,2.748,-2.681
TOI-3362 b,1,Transiting Exoplanet Survey Satellite (TESS),<a refstr=DONG_ET_AL__2021 href=https://ui.adsabs.harvard.edu/abs/2021ApJ...920L..16D/abstract target=ref>Dong et al. 2021</a>,18.09547,0.00003,-0.00003,0,0.153,0.002,-0.003,0,12.801,0.482,-0.46,0,1598.35906,212.30938,-205.31715,0,0.815,0.023,-0.032,0,0,1.83,0.06,-0.05,0,1.45,0.07,-0.07,0,366.987,4.259,-4.164
TOI-3364 b,1,Transiting Exoplanet Survey Satellite (TESS),<a refstr=YEE_ET_AL__2023 href=https://ui.adsabs.harvard.edu/abs/2023ApJS..265....1Y/abstract target=ref>Yee et al. 2023</a>,5.8768918,0.0000069,-0.0000069,0,0.0675,0.0011,-0.0016,0,12.229,0.426,-0.359,0,530.77344,38.13941,-41.31769,0,0,,,0,0,1.42,0.04,-0.03,0,1.19,0.06,-0.08,0,277.899,2.505,-2.461
TOI-3540 A b,1,Transiting Exoplanet Survey Satellite (TESS),<a refstr=YEE_ET_AL__2022 href=https://ui.adsabs.harvard.edu/abs/2022AJ....164...70Y/abstract target=ref>Yee et al. 2022</a>,3.119999,0.0000079,-0.0000079,0,0.04289,0.00092,-0.00093,0,23.539,,,0,375.03752,44.49598,-44.49598,0,0,,,0,0,1.23,0.03,-0.03,0,1.08,0.07,-0.07,0,,,
TOI-3629 b,1,Transiting Exoplanet Survey Satellite (TESS),<a refstr=CA_NTILDE_AS_ET_AL__2022 href=https://ui.adsabs.harvard.edu/abs/2022arXiv220109963C/abstract target=ref>Ca&ntilde;as et al. 2022</a>,3.936551,0.000005,-0.000006,0,0.043,0.002,-0.002,0,8.295,0.224,-0.224,0,82.63539,6.35657,-6.35657,0,0.05,0.05,-0.04,0,0,0.6,0.02,-0.01,0,0.63,0.02,-0.02,0,130.091,0.548,-0.545
TOI-3688 A b,1,Transiting Exoplanet Survey Satellite (TESS),<a refstr=YEE_ET_AL__2023 href=https://ui.adsabs.harvard.edu/abs/2023ApJS..265....1Y/abstract target=ref>Yee et al. 2023</a>,3.246075,0.000012,-0.000012,0,0.0456,0.00089,-0.00098,0,13.081,0.538,-0.493,0,311.47184,31.78284,-34.96112,0,0,,,0,0,1.3,0.04,-0.04,0,1.2,0.07,-0.08,0,396.378,6.03,-5.855
TOI-3693 b,1,Transiting Exoplanet Survey Satellite (TESS),<a refstr=YEE_ET_AL__2022 href=https://ui.adsabs.harvard.edu/abs/2022AJ....164...70Y/abstract target=ref>Yee et al. 2022</a>,9.088516,0.000026,-0.000027,0,0.0813,0.0011,-0.0012,0,12.599,0.325,-0.258,0,324.18498,76.27882,-69.92225,0,0,0.048,-0.052,0,0,0.79,0.02,-0.01,0,0.87,0.04,-0.04,0,176.436,1.224,-1.208
TOI-3714 b,1,Transiting Exoplanet Survey Satellite (TESS),<a refstr=CA_NTILDE_AS_ET_AL__2022 href=https://ui.adsabs.harvard.edu/abs/2022arXiv220109963C/abstract target=ref>Ca&ntilde;as et al. 2022</a>,2.154849,0.000001,-0.000001,0,0.027,0.001,-0.001,0,11.321,0.336,-0.336,0,222.47988,9.53485,-9.53485,0,0.03,0.03,-0.02,0,0,0.51,0.01,-0.01,0,0.53,0.02,-0.02,0,112.71,0.586,-0.579
TOI-3757 b,1,Transiting Exoplanet Survey Satellite (TESS),<a refstr=KANODIA_ET_AL__2022 href=https://ui.adsabs.harvard.edu/abs/2022AJ....164...81K/abstract target=ref>Kanodia et al. 2022</a>,3.438753,0.000004,-0.000004,0,0.03845,0.00043,-0.00043,0,12,0.4,-0.5,0,85.3,8.8,-8.7,0,0.14,0.06,-0.06,0,0,0.62,0.01,-0.01,0,0.64,0.02,-0.02,0,181.139,1.194,-1.179
TOI-3785 b,1,Transiting Exoplanet Survey Satellite (TESS),<a refstr=POWERS_ET_AL__2023 href=https://ui.adsabs.harvard.edu/abs/2023AJ....166...44P/abstract target=ref>Powers et al. 2023</a>,4.6747373,0.0000038,-0.0000038,0,0.043,0.001,-0.001,0,5.14,0.16,-0.16,0,14.95,4.1,-3.92,0,0.11,0.1,-0.08,0,0,0.5,0.01,-0.01,0,0.52,0.02,-0.02,0,79.7634,0.2243,-0.223
TOI-3807 b,1,Transiting Exoplanet Survey Satellite (TESS),<a refstr=YEE_ET_AL__2023 href=https://ui.adsabs.harvard.edu/abs/2023ApJS..265....1Y/abstract target=ref>Yee et al. 2023</a>,2.8989727,0.0000038,-0.0000039,0,0.0421,0.0007,-0.0011,0,18.495,,,-1,330.54154,47.67426,-44.49598,0,0,,,0,0,1.47,0.04,-0.04,0,1.18,0.06,-0.09,0,421.745,4.661,-4.561
TOI-3819 b,1,Transiting Exoplanet Survey Satellite (TESS),<a refstr=YEE_ET_AL__2023 href=https://ui.adsabs.harvard.edu/abs/2023ApJS..265....1Y/abstract target=ref>Yee et al. 2023</a>,3.2443141,0.0000055,-0.0000055,0,0.04611,0.00069,-0.00096,0,13.137,0.404,-0.392,0,352.78953,57.20911,-63.56568,0,0,,,0,0,1.54,0.04,-0.04,0,1.24,0.06,-0.08,0,558.141,13.045,-12.473
TOI-3884 b,1,Transiting Exoplanet Survey Satellite (TESS),<a refstr=ALMENARA_ET_AL__2022 href=https://ui.adsabs.harvard.edu/abs/2022arXiv221010909A/abstract target=ref>Almenara et al. 2022</a>,4.5445697,0.0000094,-0.0000094,0,0.0354,0.0014,-0.0014,0,6,0.18,-0.18,0,16.5,3.5,-1.8,0,0.32,,,1,0,0.3,0.01,-0.01,0,0.28,0.01,-0.01,0,43.1448,0.169,-0.1678
TOI-3912 b,1,Transiting Exoplanet Survey Satellite (TESS),<a refstr=YEE_ET_AL__2023 href=https://ui.adsabs.harvard.edu/abs/2023ApJS..265....1Y/abstract target=ref>Yee et al. 2023</a>,3.4936264,0.0000038,-0.0000038,0,0.0463,0.0012,-0.001,0,14.28,0.46,-0.448,0,129.03833,22.56582,-21.61233,0,0,,,0,0,1.39,0.04,-0.03,0,1.09,0.09,-0.07,0,465.992,6.586,-6.408
TOI-3976 A b,1,Transiting Exoplanet Survey Satellite (TESS),<a refstr=YEE_ET_AL__2023 href=https://ui.adsabs.harvard.edu/abs/2023ApJS..265....1Y/abstract target=ref>Yee et al. 2023</a>,6.607662,0.000016,-0.000015,0,0.0743,0.0013,-0.0014,0,12.274,0.404,-0.392,0,55.61997,11.75965,-11.44182,0,0,,,0,0,1.5,0.04,-0.04,0,1.25,0.07,-0.07,0,516.087,5.917,-5.788
TOI-3984 A b,1,Transiting Exoplanet Survey Satellite (TESS),<a refstr=CA_NTILDE_AS_ET_AL__2023 href=https://ui.adsabs.harvard.edu/abs/2023AJ....166...30C/abstract target=ref>Ca&ntilde;as et al. 2023</a>,4.353326,0.000005,-0.000005,0,0.041,0.002,-0.001,0,7.9,0.24,-0.24,0,44,8.7,-8,0,0.23,,,1,0,0.47,0.01,-0.01,0,0.49,0.02,-0.02,0,108.883,0.433,-0.428
TOI-4010 b,1,Transiting Exoplanet Survey Satellite (TESS),<a refstr=KUNIMOTO_ET_AL__2023 href=https://ui.adsabs.harvard.edu/abs/2023AJ....166....7K/abstract target=ref>Kunimoto et al. 2023</a>,1.348335,0.000003,-0.000002,0,0.0229,0.0002,-0.0002,0,3.02,0.08,-0.08,0,11,1.29,-1.27,0,0.03,0.03,-0.02,0,0,0.83,0.01,-0.01,0,0.88,0.03,-0.03,0,177.504,0.994,-0.982
TOI-4010 c,1,Transiting Exoplanet Survey Satellite (TESS),<a refstr=KUNIMOTO_ET_AL__2023 href=https://ui.adsabs.harvard.edu/abs/2023AJ....166....7K/abstract target=ref>Kunimoto et al. 2023</a>,5.414654,0.000007,-0.000007,0,0.058,0.001,-0.001,0,5.93,0.11,-0.12,0,20.31,2.13,-2.11,0,0.03,0.03,-0.02,0,0,0.83,0.01,-0.01,0,0.88,0.03,-0.03,0,177.504,0.994,-0.982
TOI-4010 d,1,Transiting Exoplanet Survey Satellite (TESS),<a refstr=KUNIMOTO_ET_AL__2023 href=https://ui.adsabs.harvard.edu/abs/2023AJ....166....7K/abstract target=ref>Kunimoto et al. 2023</a>,14.70886,0.00003,-0.00003,0,0.113,0.001,-0.001,0,6.18,0.14,-0.15,0,38.15,3.27,-3.22,0,0.07,0.03,-0.03,0,0,0.83,0.01,-0.01,0,0.88,0.03,-0.03,0,177.504,0.994,-0.982
TOI-4087 b,1,Transiting Exoplanet Survey Satellite (TESS),<a refstr=YEE_ET_AL__2023 href=https://ui.adsabs.harvard.edu/abs/2023ApJS..265....1Y/abstract target=ref>Yee et al. 2023</a>,3.1774835,0.00000094,-0.00000094,0,0.04469,0.00048,-0.00054,0,13.047,0.28,-0.269,0,232.01474,44.49598,-44.49598,0,0,,,0,0,1.11,0.02,-0.02,0,1.18,0.04,-0.04,0,301.676,2.225,-2.193
TOI-411 b,1,Transiting Exoplanet Survey Satellite (TESS),<a refstr=GARAI_ET_AL__2023 href=https://ui.adsabs.harvard.edu/abs/2023A&A...674A..44G/abstract target=ref>Garai et al. 2023</a>,4.040295,0.000015,-0.000014,0,0.05727,0.00085,-0.00082,0,1.362,0.04,-0.04,0,13.71,,,1,,,,,0,1.12,0.01,-0.01,0,1.1,0.04,-0.04,0,62.7792,0.1161,-0.1156
TOI-411 c,1,Transiting Exoplanet Survey Satellite (TESS),<a refstr=GARAI_ET_AL__2023 href=https://ui.adsabs.harvard.edu/abs/2023A&A...674A..44G/abstract target=ref>Garai et al. 2023</a>,9.573083,0.000014,-0.000014,0,0.1017,0.0015,-0.0014,0,2.328,0.038,-0.039,0,9.72,,,1,,,,,0,1.12,0.01,-0.01,0,1.1,0.04,-0.04,0,62.7792,0.1161,-0.1156
TOI-4127 b,1,Transiting Exoplanet Survey Satellite (TESS),<a refstr=GUPTA_ET_AL__2023 href=https://ui.adsabs.harvard.edu/abs/2023AJ....165..234G/abstract target=ref>Gupta et al. 2023</a>,56.39879,0.0001,-0.0001,0,0.3081,0.0055,-0.0058,0,12.285,0.437,-0.359,0,731.00534,34.96112,-34.96112,0,0.7471,0.0078,-0.0086,0,0,1.29,0.05,-0.05,0,1.23,0.07,-0.07,0,319.632,3.351,-3.283
TOI-4137 b,1,Transiting Exoplanet Survey Satellite (TESS),<a refstr=YEE_ET_AL__2022 href=https://ui.adsabs.harvard.edu/abs/2022AJ....164...70Y/abstract target=ref>Yee et al. 2022</a>,3.8016122,0.0000065,-0.0000065,0,0.05222,0.00089,-0.00096,0,13.574,0.448,-0.437,0,457.67291,54.03083,-47.67426,0,0,0.048,-0.052,0,0,1.44,0.04,-0.04,0,1.31,0.07,-0.07,0,334.993,3.313,-3.25
TOI-4145 A b,1,Transiting Exoplanet Survey Satellite (TESS),<a refstr=YEE_ET_AL__2023 href=https://ui.adsabs.harvard.edu/abs/2023ApJS..265....1Y/abstract target=ref>Yee et al. 2023</a>,4.0664428,0.0000058,-0.0000058,0,0.04823,0.00075,-0.00079,0,13.305,0.359,-0.347,0,136.66622,41.31769,-41.31769,0,0,,,0,0,0.86,0.02,-0.02,0,0.91,0.04,-0.04,0,205.387,1.197,-1.184
TOI-421 b,1,Transiting Exoplanet Survey Satellite (TESS),<a refstr=CARLEO_ET_AL__2020 href=https://ui.adsabs.harvard.edu/abs/2020AJ....160..114C/abstract target=ref>Carleo et al. 2020</a>,5.19672,0.00049,-0.00049,0,0.056,0.0018,-0.0018,0,2.68,0.19,-0.18,0,7.17,0.66,-0.66,0,0.163,0.082,-0.071,0,0,0.87,0.01,-0.01,0,0.85,0.03,-0.02,0,74.7969,0.2041,-0.2029
TOI-421 c,1,Transiting Exoplanet Survey Satellite (TESS),<a refstr=CARLEO_ET_AL__2020 href=https://ui.adsabs.harvard.edu/abs/2020AJ....160..114C/abstract target=ref>Carleo et al. 2020</a>,16.06819,0.00035,-0.00035,0,0.1189,0.0039,-0.0039,0,5.09,0.16,-0.15,0,16.42,1.06,-1.04,0,0.152,0.042,-0.042,0,0,0.87,0.01,-0.01,0,0.85,0.03,-0.02,0,74.7969,0.2041,-0.2029
TOI-431 b,1,Transiting Exoplanet Survey Satellite (TESS),<a refstr=OSBORN_ET_AL__2021 href=https://ui.adsabs.harvard.edu/abs/2021MNRAS.507.2782O/abstract target=ref>Osborn et al. 2021</a>,0.490047,0.00001,-0.000007,0,0.0113,0.0002,-0.0003,0,1.28,0.04,-0.04,0,3.07,0.35,-0.35,0,0,,,0,0,0.73,0.02,-0.02,0,0.78,0.07,-0.07,0,32.5686,0.0312,-0.0311
TOI-431 d,1,Transiting Exoplanet Survey Satellite (TESS),<a refstr=OSBORN_ET_AL__2021 href=https://ui.adsabs.harvard.edu/abs/2021MNRAS.507.2782O/abstract target=ref>Osborn et al. 2021</a>,12.46103,0.00002,-0.00002,0,0.098,0.002,-0.002,0,3.29,0.09,-0.09,0,9.9,1.53,-1.49,0,0,,,0,0,0.73,0.02,-0.02,0,0.78,0.07,-0.07,0,32.5686,0.0312,-0.0311
TOI-4406 b,1,Transiting Exoplanet Survey Satellite (TESS),<a refstr=BRAHM_ET_AL__2023 href=https://arxiv.org/abs/2304.02139 target=ref>Brahm et al. 2023</a>,30.08364,0.00005,-0.00005,0,0.201,0.005,-0.005,0,11.209,0.224,-0.224,0,95.34852,9.53485,-9.53485,0,0.15,0.05,-0.04,0,0,1.29,0.01,-0.01,0,1.19,0.03,-0.03,0,261.834,1.75,-1.726
TOI-4463 A b,1,Transiting Exoplanet Survey Satellite (TESS),<a refstr=YEE_ET_AL__2023 href=https://ui.adsabs.harvard.edu/abs/2023ApJS..265....1Y/abstract target=ref>Yee et al. 2023</a>,2.8807198,0.0000028,-0.0000027,0,0.04036,0.00074,-0.00082,0,13.26,0.717,-0.504,0,252.35576,12.39531,-12.71314,0,0,,,0,0,1.06,0.03,-0.02,0,1.06,0.06,-0.06,0,173.117,1.303,-1.285
TOI-4562 b,1,Transiting Exoplanet Survey Satellite (TESS),<a refstr=HEITZMANN_ET_AL__2022 href=https://ui.adsabs.harvard.edu/abs/2022arXiv220810854H/abstract target=ref>Heitzmann et al. 2022</a>,225.11781,0.00025,-0.00022,0,0.768,0.005,-0.005,0,12.53,0.15,-0.15,0,732,152,-149,0,0.76,0.02,-0.02,0,0,1.15,0.05,-0.05,0,1.19,0.06,-0.06,0,339.605,2.528,-2.491
TOI-4603 b,1,Transiting Exoplanet Survey Satellite (TESS),<a refstr=KHANDELWAL_ET_AL__2023 href=https://ui.adsabs.harvard.edu/abs/2023arXiv230311841K/abstract target=ref>Khandelwal et al. 2023</a>,7.24599,0.00022,-0.00021,0,0.0888,0.001,-0.001,0,11.68,0.426,-0.392,0,4096.80817,184.34048,-181.16219,0,0.325,0.02,-0.02,0,0,2.74,0.05,-0.05,0,1.76,0.06,-0.06,0,225.643,2.484,-2.432
TOI-4791 b,1,Transiting Exoplanet Survey Satellite (TESS),<a refstr=YEE_ET_AL__2023 href=https://ui.adsabs.harvard.edu/abs/2023ApJS..265....1Y/abstract target=ref>Yee et al. 2023</a>,4.28088,0.000022,-0.000023,0,0.0555,0.0011,-0.0012,0,12.442,0.56,-0.56,0,734.18362,101.70509,-104.88337,0,0,,,0,0,1.41,0.04,-0.04,0,1.24,0.07,-0.08,0,328.802,3.696,-3.616
TOI-481 b,1,Transiting Exoplanet Survey Satellite (TESS),<a refstr=BRAHM_ET_AL__2020 href=https://ui.adsabs.harvard.edu/abs/2020AJ....160..235B/abstract target=ref>Brahm et al. 2020</a>,10.33111,0.00002,-0.00002,0,0.097,0.001,-0.001,0,11.097,0.112,-0.112,0,486.2799,9.5349,-9.5349,0,0.153,0.006,-0.007,0,0,1.66,0.02,-0.02,0,1.14,0.02,-0.01,0,179.366,1.018,-1.007
TOI-500 b,1,Transiting Exoplanet Survey Satellite (TESS),<a refstr=SERRANO_ET_AL__2022 href=https://ui.adsabs.harvard.edu/abs/2022NatAs.tmp...95S/abstract target=ref>Serrano et al. 2022</a>,0.548177,0.000019,-0.000019,0,0.01189,0.00041,-0.0004,0,1.166,0.061,-0.058,0,1.42,0.18,-0.18,0,0.063,0.073,-0.044,0,0,0.68,0.02,-0.02,0,0.74,0.02,-0.02,0,47.3924,0.0473,-0.0473
TOI-5153 b,1,Transiting Exoplanet Survey Satellite (TESS),<a refstr=ULMER_MOLL_ET_AL__2022 href=https://ui.adsabs.harvard.edu/abs/2022arXiv220703911U/abstract target=ref>Ulmer-Moll et al. 2022</a>,20.33003,0.00007,-0.00007,0,0.158,0.006,-0.006,0,11.882,0.448,-0.448,0,1036.12061,57.20911,-54.03083,0,0.091,0.024,-0.026,0,0,1.4,0.04,-0.04,0,1.24,0.07,-0.07,0,390.484,4.507,-4.407
TOI-519 b,1,Transiting Exoplanet Survey Satellite (TESS),<a refstr=KAGETANI_ET_AL__2023 href=https://ui.adsabs.harvard.edu/abs/2023arXiv230414703K/abstract target=ref>Kagetani et al. 2023</a>,1.2652328,0.0000005,-0.0000005,0,0.0159,0.0001,-0.0001,0,11.545,0.336,-0.336,0,147.15455,26.06193,-27.9689,0,0.33,,,1,0,0.35,0.01,-0.01,0,0.34,0.01,-0.01,0,115.557,0.937,-0.922
TOI-5205 b,1,Transiting Exoplanet Survey Satellite (TESS),<a refstr=KANODIA_ET_AL__2023 href=https://ui.adsabs.harvard.edu/abs/2023AJ....165..120K/abstract target=ref>Kanodia et al. 2023</a>,1.630757,0.000001,-0.000001,0,0.0199,0.0002,-0.0002,0,11.6,0.3,-0.3,0,343,18,-17,0,0.02,0.02,-0.014,0,0,0.39,0.01,-0.01,0,0.39,0.01,-0.01,0,86.4493,0.4178,-0.4139
TOI-5293 A b,1,Transiting Exoplanet Survey Satellite (TESS),<a refstr=CA_NTILDE_AS_ET_AL__2023 href=https://ui.adsabs.harvard.edu/abs/2023AJ....166...30C/abstract target=ref>Ca&ntilde;as et al. 2023</a>,2.930289,0.000004,-0.000004,0,0.034,0.004,-0.003,0,11.9,0.4,-0.4,0,170.4,21.8,-21.9,0,0.38,,,1,0,0.52,0.02,-0.01,0,0.54,0.02,-0.02,0,162.229,1.316,-1.295
TOI-530 b,1,Transiting Exoplanet Survey Satellite (TESS),<a refstr=GAN_ET_AL__2022 href=https://ui.adsabs.harvard.edu/abs/2022MNRAS.511...83G/abstract target=ref>Gan et al. 2022</a>,6.387597,0.000019,-0.000018,0,0.052,0.005,-0.004,0,9.303,0.673,-0.673,0,127.13136,28.60456,-31.78284,0,0,,,0,0,0.54,0.03,-0.03,0,0.53,0.02,-0.02,0,148.762,1.109,-1.093
TOI-532 b,1,Transiting Exoplanet Survey Satellite (TESS),<a refstr=KANODIA_ET_AL__2021 href=https://ui.adsabs.harvard.edu/abs/2021AJ....162..135K/abstract target=ref>Kanodia et al. 2021</a>,2.3266508,0.000003,-0.000003,0,0.0296,0.00035,-0.00035,0,5.82,0.19,-0.19,0,61.5,9.7,-9.3,0,0,,,0,0,0.61,0.01,-0.01,0,0.64,0.02,-0.02,0,135.047,0.548,-0.548
TOI-5542 b,1,Transiting Exoplanet Survey Satellite (TESS),<a refstr=GRIEVES_ET_AL__2022 href=https://ui.adsabs.harvard.edu/abs/2022arXiv220914830G/abstract target=ref>Grieves et al. 2022</a>,75.12375,0.00019,-0.00018,0,0.332,0.016,-0.016,0,11.31,0.404,-0.392,0,419.5335,31.78284,-31.78284,0,0.018,0.026,-0.013,0,0,1.06,0.04,-0.04,0,0.89,0.06,-0.03,0,348.849,3.678,-3.604
TOI-558 b,1,Transiting Exoplanet Survey Satellite (TESS),<a refstr=IKWUT_UKWA_ET_AL__2022 href=https://ui.adsabs.harvard.edu/abs/2022AJ....163....9I/abstract target=ref>Ikwut-Ukwa et al. 2022</a>,14.574071,0.000026,-0.000026,0,0.1291,0.002,-0.0021,0,12.173,0.46,-0.426,0,1147.36055,47.67426,-47.67426,0,0.298,0.022,-0.02,0,0,1.5,0.04,-0.04,0,1.35,0.06,-0.07,0,402.63,3.855,-3.784
TOI-559 b,1,Transiting Exoplanet Survey Satellite (TESS),<a refstr=IKWUT_UKWA_ET_AL__2022 href=https://ui.adsabs.harvard.edu/abs/2022AJ....163....9I/abstract target=ref>Ikwut-Ukwa et al. 2022</a>,6.9839095,0.0000051,-0.0000051,0,0.0723,0.0013,-0.0013,0,12.229,0.314,-0.28,0,1910.14873,76.27882,-73.10053,0,0.151,0.012,-0.011,0,0,1.23,0.03,-0.03,0,1.03,0.06,-0.06,0,233.266,1.542,-1.521
TOI-561 b,1,Transiting Exoplanet Survey Satellite (TESS),<a refstr=LACEDELLI_ET_AL__2022 href=https://ui.adsabs.harvard.edu/abs/2022MNRAS.511.4551L/abstract target=ref>Lacedelli et al. 2022</a>,0.4465688,0.0000007,-0.0000008,0,0.0106,0.0001,-0.0001,0,1.425,0.037,-0.037,0,2,0.23,-0.23,0,0,,,0,0,0.84,0.01,-0.01,0,0.81,0.04,-0.04,0,85.799,0.4988,-0.4932
TOI-561 c,1,Transiting Exoplanet Survey Satellite (TESS),<a refstr=LACEDELLI_ET_AL__2022 href=https://ui.adsabs.harvard.edu/abs/2022MNRAS.511.4551L/abstract target=ref>Lacedelli et al. 2022</a>,10.778831,0.000034,-0.000036,0,0.0884,0.0009,-0.0009,0,2.91,0.04,-0.04,0,5.39,0.69,-0.68,0,0.03,0.035,-0.021,0,0,0.84,0.01,-0.01,0,0.81,0.04,-0.04,0,85.799,0.4988,-0.4932
TOI-561 d,1,Transiting Exoplanet Survey Satellite (TESS),<a refstr=LACEDELLI_ET_AL__2022 href=https://ui.adsabs.harvard.edu/abs/2022MNRAS.511.4551L/abstract target=ref>Lacedelli et al. 2022</a>,25.7124,0.0001,-0.0002,0,0.158,0.002,-0.002,0,2.82,0.07,-0.07,0,13.2,1,-0.9,0,0.122,0.054,-0.048,0,0,0.84,0.01,-0.01,0,0.81,0.04,-0.04,0,85.799,0.4988,-0.4932
TOI-561 e,1,Transiting Exoplanet Survey Satellite (TESS),<a refstr=LACEDELLI_ET_AL__2022 href=https://ui.adsabs.harvard.edu/abs/2022MNRAS.511.4551L/abstract target=ref>Lacedelli et al. 2022</a>,77.03,0.25,-0.24,0,0.328,0.003,-0.003,0,2.55,0.12,-0.13,0,12.6,1.4,-1.4,0,0.079,0.058,-0.05,0,0,0.84,0.01,-0.01,0,0.81,0.04,-0.04,0,85.799,0.4988,-0.4932
TOI-564 b,1,Transiting Exoplanet Survey Satellite (TESS),<a refstr=DAVIS_ET_AL__2020 href=https://ui.adsabs.harvard.edu/abs/2020AJ....160..229D/abstract target=ref>Davis et al. 2020</a>,1.651144,0.000018,-0.000018,0,0.02734,0.00061,-0.00053,0,11.433,7.958,-3.251,0,464.98529,31.783,-30.51168,0,0.072,0.083,-0.05,0,0,1.09,0.01,-0.01,0,1,0.07,-0.06,0,199.581,1.27,-1.253
TOI-5678 b,1,Transiting Exoplanet Survey Satellite (TESS),<a refstr=ULMER_MOLL_ET_AL__2023 href=https://ui.adsabs.harvard.edu/abs/2023arXiv230604295U/abstract target=ref>Ulmer-Moll et al. 2023</a>,47.73022,0.00014,-0.00013,0,0.249,0.005,-0.005,0,4.91,0.08,-0.08,0,20,4,-4,0,0.14,0.07,-0.07,0,0,0.94,0.01,-0.01,0,0.91,0.04,-0.04,0,165.393,0.703,-0.698
TOI-615 b,1,Transiting Exoplanet Survey Satellite (TESS),<a refstr=PSARIDI_ET_AL__2023 href=https://ui.adsabs.harvard.edu/abs/2023A&A...675A..39P/abstract target=ref>Psaridi et al. 2023</a>,4.6615983,0.0000025,-0.0000016,0,0.0678,0.0031,-0.0026,0,18.977,0.583,-0.639,0,138.25536,27.33324,-26.06193,0,0.39,,,1,0,1.73,0.06,-0.06,0,1.45,0.09,-0.09,0,360.408,3.993,-3.909
TOI-622 b,1,Transiting Exoplanet Survey Satellite (TESS),<a refstr=PSARIDI_ET_AL__2023 href=https://ui.adsabs.harvard.edu/abs/2023A&A...675A..39P/abstract target=ref>Psaridi et al. 2023</a>,6.402513,0.000031,-0.000054,0,0.0708,0.0052,-0.0059,0,9.236,0.314,-0.325,0,96.30201,21.93016,-22.88365,0,0.42,,,1,0,1.42,0.05,-0.05,0,1.31,0.08,-0.08,0,123.297,0.471,-0.467
TOI-628 b,1,Transiting Exoplanet Survey Satellite (TESS),<a refstr=RODRIGUEZ_ET_AL__2021 href=https://ui.adsabs.harvard.edu/abs/2021AJ....161..194R/abstract target=ref>Rodriguez et al. 2021</a>,3.4095675,0.000007,-0.0000069,0,0.0486,0.0008,-0.00094,0,11.882,0.46,-0.381,0,2011.8639,92.1707,-98.5273,0,0.072,0.021,-0.023,0,0,1.34,0.05,-0.04,0,1.31,0.07,-0.07,0,178.68,3.04,-2.942
TOI-640 b,1,Transiting Exoplanet Survey Satellite (TESS),<a refstr=RODRIGUEZ_ET_AL__2021 href=https://ui.adsabs.harvard.edu/abs/2021AJ....161..194R/abstract target=ref>Rodriguez et al. 2021</a>,5.0037775,0.0000048,-0.0000048,0,0.06608,0.00098,-0.0011,0,19.851,0.673,-0.628,0,279.6904,50.8528,-50.8528,0,0.05,0.054,-0.035,0,0,2.08,0.06,-0.06,0,1.54,0.07,-0.08,0,341.997,2.839,-2.794
TOI-674 b,1,Transiting Exoplanet Survey Satellite (TESS),<a refstr=MURGAS_ET_AL__2021 href=https://ui.adsabs.harvard.edu/abs/2021A&A...653A..60M/abstract target=ref>Murgas et al. 2021</a>,1.977143,0.000003,-0.000003,0,0.025,0.0008,-0.0008,0,5.25,0.17,-0.17,0,23.6,3.3,-3.3,0,0,,,0,0,0.42,0.01,-0.01,0,0.42,0.01,-0.01,0,46.0851,0.1159,-0.1153
TOI-677 b,1,Transiting Exoplanet Survey Satellite (TESS),<a refstr=JORD_AACUTE_N_ET_AL__2020 href=https://ui.adsabs.harvard.edu/abs/2020AJ....159..145J/abstract target=ref>Jord&aacute;n et al. 2020</a>,11.2366,0.00011,-0.00011,0,0.1038,0.0017,-0.0017,0,13.115,0.336,-0.336,0,392.83788,21.93027,-21.29461,0,0.435,0.024,-0.024,0,0,1.28,0.03,-0.03,0,1.18,0.06,-0.06,0,141.812,0.622,-0.617
TOI-733 b,1,Transiting Exoplanet Survey Satellite (TESS),<a refstr=GEORGIEVA_ET_AL__2023 href=https://ui.adsabs.harvard.edu/abs/2023arXiv230406655G/abstract target=ref>Georgieva et al. 2023</a>,4.884765,0.000019,-0.000024,0,0.0618,0.0036,-0.0039,0,1.992,0.085,-0.09,0,5.72,0.7,-0.68,0,0.046,0.056,-0.033,0,0,0.95,0.01,-0.01,0,0.96,0.05,-0.03,0,75.2092,0.1764,-0.1756
TOI-763 b,1,Transiting Exoplanet Survey Satellite (TESS),<a refstr=FRIDLUND_ET_AL__2020 href=https://ui.adsabs.harvard.edu/abs/2020MNRAS.498.4503F/abstract target=ref>Fridlund et al. 2020</a>,5.6057,0.0013,-0.0013,0,0.06,0.0006,-0.0006,0,2.28,0.11,-0.11,0,9.79,0.78,-0.78,0,0.04,0.04,-0.03,0,0,0.9,0.01,-0.01,0,0.92,0.03,-0.03,0,95.1274,0.4536,-0.4495
TOI-763 c,1,Transiting Exoplanet Survey Satellite (TESS),<a refstr=FRIDLUND_ET_AL__2020 href=https://ui.adsabs.harvard.edu/abs/2020MNRAS.498.4503F/abstract target=ref>Fridlund et al. 2020</a>,12.2737,0.0053,-0.0077,0,0.1011,0.001,-0.001,0,2.63,0.12,-0.12,0,9.32,1.02,-1.02,0,0.04,0.04,-0.03,0,0,0.9,0.01,-0.01,0,0.92,0.03,-0.03,0,95.1274,0.4536,-0.4495
TOI-776 b,1,Transiting Exoplanet Survey Satellite (TESS),<a refstr=LUQUE_ET_AL__2021 href=https://ui.adsabs.harvard.edu/abs/2021A&A...645A..41L/abstract target=ref>Luque et al. 2021</a>,8.24661,0.00005,-0.00004,0,0.0652,0.0015,-0.0015,0,1.85,0.13,-0.13,0,4,0.9,-0.9,0,0.06,0.03,-0.02,0,0,0.54,0.02,-0.02,0,0.54,0.03,-0.03,0,27.1701,0.03205,-0.03205
TOI-776 c,1,Transiting Exoplanet Survey Satellite (TESS),<a refstr=LUQUE_ET_AL__2021 href=https://ui.adsabs.harvard.edu/abs/2021A&A...645A..41L/abstract target=ref>Luque et al. 2021</a>,15.6653,0.0004,-0.0003,0,0.1,0.0024,-0.0024,0,2.02,0.14,-0.14,0,5.3,1.8,-1.8,0,0.04,0.02,-0.01,0,0,0.54,0.02,-0.02,0,0.54,0.03,-0.03,0,27.1701,0.03205,-0.03205
TOI-778 b,1,Transiting Exoplanet Survey Satellite (TESS),<a refstr=CLARK_ET_AL__2023 href=https://ui.adsabs.harvard.edu/abs/2023AJ....165..207C/abstract target=ref>Clark et al. 2023</a>,4.633611,0.000001,-0.000001,0,0.06,0.003,-0.003,0,15.4,0.5,-0.5,0,878,77,-72,0,0.21,0.04,-0.04,0,0,1.71,0.05,-0.05,0,1.4,0.05,-0.05,0,161.743,1.123,-1.108
TOI-784 b,1,Transiting Exoplanet Survey Satellite (TESS),<a refstr=HUA_ET_AL__2023 href=https://ui.adsabs.harvard.edu/abs/2023arXiv230614655H/abstract target=ref>Hua et al. 2023</a>,2.7970365,0.0000031,-0.000003,0,0.038,0.001,-0.001,0,1.93,0.11,-0.09,0,9.67,0.83,-0.82,0,0,,,0,0,0.91,0.02,-0.02,0,0.91,0.1,-0.1,0,64.5997,0.1104,-0.11
TOI-824 b,1,Transiting Exoplanet Survey Satellite (TESS),<a refstr=BURT_ET_AL__2020 href=https://ui.adsabs.harvard.edu/abs/2020AJ....160..153B/abstract target=ref>Burt et al. 2020</a>,1.392978,0.000018,-0.000017,0,0.02177,0.00032,-0.00032,0,2.926,0.202,-0.191,0,18.467,1.843,-1.875,0,,,,,0,0.69,0.03,-0.03,0,0.71,0.03,-0.03,0,63.9262,0.1435,-0.1428
TOI-836 b,1,Transiting Exoplanet Survey Satellite (TESS),<a refstr=HAWTHORN_ET_AL__2023 href=https://ui.adsabs.harvard.edu/abs/2023MNRAS.tmp..458H/abstract target=ref>Hawthorn et al. 2023</a>,3.81673,0.00001,-0.00001,0,0.0422,0.00093,-0.00093,0,1.704,0.067,-0.067,0,4.53,0.92,-0.86,0,0.053,0.042,-0.042,0,0,0.67,0.01,-0.01,0,0.68,0.05,-0.04,0,27.5024,0.0294,-0.0293
TOI-836 c,1,Transiting Exoplanet Survey Satellite (TESS),<a refstr=HAWTHORN_ET_AL__2023 href=https://ui.adsabs.harvard.edu/abs/2023MNRAS.tmp..458H/abstract target=ref>Hawthorn et al. 2023</a>,8.59545,0.00001,-0.00001,0,0.075,0.0016,-0.0016,0,2.587,0.088,-0.088,0,9.6,2.7,-2.5,0,0.078,0.056,-0.056,0,1,0.67,0.01,-0.01,0,0.68,0.05,-0.04,0,27.5024,0.0294,-0.0293
TOI-849 b,1,Transiting Exoplanet Survey Satellite (TESS),<a refstr=ARMSTRONG_ET_AL__2020 href=https://ui.adsabs.harvard.edu/abs/2020Natur.583...39A/abstract target=ref>Armstrong et al. 2020</a>,0.76552414,0.00000262,-0.00000279,0,0.01598,0.00013,-0.00014,0,3.444,0.157,-0.115,0,39.09,2.66,-2.55,0,0,0,0,0,0,0.92,0.03,-0.02,0,0.93,0.02,-0.02,0,225.734,1.569,-1.547
TOI-892 b,1,Transiting Exoplanet Survey Satellite (TESS),<a refstr=BRAHM_ET_AL__2020 href=https://ui.adsabs.harvard.edu/abs/2020AJ....160..235B/abstract target=ref>Brahm et al. 2020</a>,10.62656,0.00007,-0.00007,0,0.092,0.005,-0.005,0,11.994,0.224,-0.224,0,301.9385,22.2481,-22.2481,0,0.125,,,1,0,1.39,0.02,-0.02,0,1.28,0.03,-0.02,0,340.543,4.894,-4.76
TOI-905 b,1,Transiting Exoplanet Survey Satellite (TESS),<a refstr=DAVIS_ET_AL__2020 href=https://ui.adsabs.harvard.edu/abs/2020AJ....160..229D/abstract target=ref>Davis et al. 2020</a>,3.739494,0.000038,-0.000038,0,0.04666,0.00096,-0.0011,0,13.126,0.594,-0.572,0,211.99261,13.34886,-13.03103,0,0.024,0.025,-0.017,0,0,0.92,0.04,-0.04,0,0.97,0.06,-0.07,0,158.649,0.725,-0.718
TOI-908 b,1,Transiting Exoplanet Survey Satellite (TESS),<a refstr=HAWTHORN_ET_AL__2023 href=https://ui.adsabs.harvard.edu/abs/2023MNRAS.tmp.1796H/abstract target=ref>Hawthorn et al. 2023</a>,3.183792,0.000007,-0.000007,0,0.041657,0.000002,-0.000002,0,3.186,0.155,-0.155,0,16.137,4.112,-4.039,0,0.132,0.091,-0.091,0,0,1.03,0.03,-0.03,0,0.95,0.01,-0.01,0,175.748,0.638,-0.634
TOI-954 b,1,Transiting Exoplanet Survey Satellite (TESS),<a refstr=SHA_ET_AL__2021 href=https://ui.adsabs.harvard.edu/abs/2021AJ....161...82S/abstract target=ref>Sha et al. 2021</a>,3.6849729,0.0000027,-0.0000028,0,0.04963,0.00089,-0.0009,0,9.55,0.594,-0.695,0,55.30242,5.72094,-5.40311,0,0.14,0.18,-0.11,0,0,1.89,0.08,-0.08,0,1.2,0.07,-0.06,0,238.768,1.905,-1.875
TOI-969 b,1,Transiting Exoplanet Survey Satellite (TESS),<a refstr=LILLO_BOX_ET_AL__2022 href=https://ui.adsabs.harvard.edu/abs/2022arXiv221008996L/abstract target=ref>Lillo-Box et al. 2022</a>,1.8237305,0.000002,-0.0000021,0,0.02636,0.00017,-0.00017,0,2.765,0.088,-0.097,0,9.1,1,-1,0,,,,,0,0.67,0.01,-0.01,0,0.73,0.01,-0.01,0,77.2554,0.3267,-0.324
WASP-132 c,1,Transiting Exoplanet Survey Satellite (TESS),<a refstr=HORD_ET_AL__2022 href=https://ui.adsabs.harvard.edu/abs/2022arXiv220502501H/abstract target=ref>Hord et al. 2022</a>,1.011534,0.000005,-0.000005,0,0.0182,0.0003,-0.0003,0,1.85,0.1,-0.1,0,37.35,,,1,0.13,0.2,-0.09,0,0,0.75,0.03,-0.03,0,0.78,0.03,-0.03,0,122.91,0.568,-0.562
WASP-84 c,1,Transiting Exoplanet Survey Satellite (TESS),<a refstr=MACIEJEWSKI_ET_AL__2023 href=https://ui.adsabs.harvard.edu/abs/2023MNRAS.tmpL..77M/abstract target=ref>Maciejewski et al. 2023</a>,1.4468849,0.0000022,-0.0000016,0,0.02359,0.001,-0.001,0,1.95,0.12,-0.12,0,15.2,4.5,-4.2,0,,,,,0,0.77,0.02,-0.02,0,0.85,0.04,-0.04,0,100.588,0.489,-0.484
WD 1856+534 b,1,Transiting Exoplanet Survey Satellite (TESS),<a refstr=VANDERBURG_ET_AL__2020 href=https://ui.adsabs.harvard.edu/abs/2020Natur.585..363V/abstract target=ref>Vanderburg et al. 2020</a>,1.4079405,0.0000011,-0.0000011,0,0.0204,0.0012,-0.0012,0,10.4,1,-1,0,4386.054,,,0,0,,,0,0,0.01,0,0,0,0.52,0.06,-0.06,0,24.7359,0.0435,-0.0433